-- phpMyAdmin SQL Dump
-- version 4.7.0
-- https://www.phpmyadmin.net/
--
-- Host: 127.0.0.1
-- Generation Time: Jan 18, 2018 at 05:51 AM
-- Server version: 10.1.25-MariaDB
-- PHP Version: 7.1.7

SET SQL_MODE = "NO_AUTO_VALUE_ON_ZERO";
SET AUTOCOMMIT = 0;
START TRANSACTION;
SET time_zone = "+00:00";


/*!40101 SET @OLD_CHARACTER_SET_CLIENT=@@CHARACTER_SET_CLIENT */;
/*!40101 SET @OLD_CHARACTER_SET_RESULTS=@@CHARACTER_SET_RESULTS */;
/*!40101 SET @OLD_COLLATION_CONNECTION=@@COLLATION_CONNECTION */;
/*!40101 SET NAMES utf8mb4 */;

--
-- Database: `school`
--
DROP DATABASE IF EXISTS `school`;
CREATE DATABASE IF NOT EXISTS `school` DEFAULT CHARACTER SET latin1 COLLATE latin1_swedish_ci;
USE `school`;

-- --------------------------------------------------------

--
-- Table structure for table `organization`
--

DROP TABLE IF EXISTS `organization`;
CREATE TABLE `organization` (
  `Name` text NOT NULL,
  `Established` varchar(255) DEFAULT 'null',
  `Year_format` varchar(30) DEFAULT 'null',
  `Logo` longblob,
  `Address` text NOT NULL,
  `Contact` varchar(255) DEFAULT 'null'
) ENGINE=InnoDB DEFAULT CHARSET=latin1;

--
-- Truncate table before insert `organization`
--

TRUNCATE TABLE `organization`;
--
-- Dumping data for table `organization`
--

INSERT INTO `organization` (`Name`, `Established`, `Year_format`, `Logo`, `Address`, `Contact`) VALUES
('Golden Sungava Secondary School', '2055', 'B.S', 0xffd8ffe000104a46494600010200000100010000ffed009c50686f746f73686f7020332e30003842494d04040000000000801c02670014513779775072704a374c35564f54427341317a6d1c0228006246424d4430313030306162653033303030303363303730303030386630653030303035643130303030303662313130303030386331393030303034373234303030303062323530303030646232363030303034363238303030303363336130303030ffe2021c4943435f50524f46494c450001010000020c6c636d73021000006d6e74725247422058595a2007dc00010019000300290039616373704150504c0000000000000000000000000000000000000000000000000000f6d6000100000000d32d6c636d7300000000000000000000000000000000000000000000000000000000000000000000000000000000000000000000000a64657363000000fc0000005e637072740000015c0000000b777470740000016800000014626b70740000017c000000147258595a00000190000000146758595a000001a4000000146258595a000001b80000001472545243000001cc0000004067545243000001cc0000004062545243000001cc0000004064657363000000000000000363320000000000000000000000000000000000000000000000000000000000000000000000000000000000000000000000000000000000000000000000000000000000000000000000000000000000000000000074657874000000004642000058595a20000000000000f6d6000100000000d32d58595a20000000000000031600000333000002a458595a200000000000006fa2000038f50000039058595a2000000000000062990000b785000018da58595a2000000000000024a000000f840000b6cf63757276000000000000001a000000cb01c903630592086b0bf6103f15511b3421f1299032183b92460551775ded6b707a0589b19a7cac69bf7dd3c3e930ffffffdb004300090607080706090808080a0a090b0e170f0e0d0d0e1c14151117221e2323211e2020252a352d2527322820202e3f2f3237393c3c3c242d4246413a46353b3c39ffdb0043010a0a0a0e0c0e1b0f0f1b392620263939393939393939393939393939393939393939393939393939393939393939393939393939393939393939393939393939ffc200110800db00db03002200011101021101ffc4001b00000203010101000000000000000000000506010204030007ffc4001801000301010000000000000000000000000001020304ffc4001801000301010000000000000000000000000001020304ffda000c0300000111021100000175f7bc1e89814fa9e67aca8d6e31f5cd81a363892f20a690fa1a2c1e7009987ee5d56cb35c4ab77ab61c4c48fde9809f7bc8f7a3c2f73af66955a43456598a0acae0c09e9cda242f4e5739184418188e94ee1d3587d499c03ccfabd9c79809b66e94b17ef7bc9cfbde1da3365202b1610f789c19d7c2cf24498c711c79159285eed5267209d249ef5d5274641d9b7b9cf819f02039609b6a0c84a322d3afb26a8da662a3bae32c10abe263b5e7b98e4026b61311c5ceda17ace823ccde6c2762d135cd3dd218aac3d789223788970715bb6ba9a74c475318cd5b4744fab2aba7bd54a73c68694779c1f59642bdb914338032b781ed09fc95bb424d81b458edc15614868469166ad3aae60de7eb2a758acef69f793f7a7c3f705dcb7cf465c031c37dd2dbe760024ccde008962e159b787c5da6c7bb29300faca5d5a795a28466d65c941b954c040c3235adab260b25985a30fa633e81636b974e37311412b4d2ca9adc3c0119945e7978b062ac6488b685b2f62d87494bb6ac578cf7a964f531072f976d51d817ab17bf2d796821dd1cebcd8a2d19f55736d82538e68db59f2b5eab5e694d893a736cb539d66ce513a236e8c697aeb3731602d367f060cce5a49003f1d158bcaa55e6c917876bcda37f4fa25e303bb6de21e59bc358d7af0b8ec37aec6621bdd8dcaa1be421cf72a37108ab00ce33a988d3e8d92dc16196b24fd376a72a10e10a92dc05f74159acc6eae50492d79b91759659b15ac3b03160facb7b84827971de5d3214ca2d97b526b684eb2e7733a2139d764e4a05d902135a7507b4693af8ec1c2698f5b3ea56dd935e9cb8d8c5185a29352c34349cccb2de2f9febd74bc3952e655632824aad01e9dcb8e4b7537da745e1ec419c129c6515e41bbc5b86700cab8a99a63d1d0a847193be60acaba4598ce7217343f51ee2e4055aecda9ea611021274152b3239c9905a2ddd8e135064e8189a31e3e936276e328e772e1b16a983d359d85c125dac796c3205c9f0b434ad73ab2c31621a3c0b43ddb892b59f7efa807a196f3a2d5d8a4a5a2fb72a5a848e2cd0f61e3d66c1905e6e7369f7a36f2c3451c63e011baa1531b6aed65a370b8039023994c986a2551ee4225c14d8248abc17cb82b33a14a894495dbb95f809a575464acc4e93ef7957ffc4002d10000202010401020602020301000000000203010400051112131410202122232431331534324130354344ffda0008010000010502f741417a597c2569676ad9322146c1580b8f242947cd788b7db632c5a84b3fe59fc414161465529af732e8f3afa51eea2fc69739a998956164ae8a6c1329e9439be54fb8b98fb20998ff008ca20a127352de6a8a9de9bbb92eb303629fd1bc0f615aa7fad9fd477c288ccaf4e3fa7a6b584bd3e92e115bb97d55c66d5a8c6b414205063e91ed5b419e9a8d7ed0a567b14879b1b5a66a5bd4be4b377e4b1f37f232a60478cc3ab6127e1bd2c845c19e673e4dcd4993bbb7d97015912f5f48415f70ec31ecdfd3f38f13a9650e1707983e45954d675c8c70cdb4423bd023110c7a972d70a83bc3b8efa80d470c591046292b5e4d5e07a7a6630ccae5864cb8d0e4ac9ce148a18fb4ef658674aab5b17e5bb0b09213a6c7afcb55364bc2a5635640c40a1fd8c6492ef9881d87189e9e8322b76d433722204483c8c369851a7e47223109b6b2ea1935c42d74a014769c03011361627ea5104366975e0b46c8a8bae6ba5c87cca9457cd9db50c496fd9176eb01b0f060b9755be1cd664b58832b651f28c3facd5df6121d4b1fbabd66cf51b30c6459556c263efe57a2447ecdb2d5316c26b35b226b0c7327aa27cbad5acc286c578b009aaa57be16305679f4d06cab00fe2806b89835fc9937dd2ad50511ef68c92c54ca8cba9870027b8854b09bb6e512bd486714e5b737f4df0dcb1c6ea4b19ab78dd631aa068954927d860a32b568b1001023ef27009e18c10d5af289c6b0562f6f73fc54d8c3a4f5ccf959e4bc337b4cc1d3dc581a68463c26b59af641d1e8faac8b111b61140c094147b37c36808c89ba2ad886a798e6f9a8b98a6ecfb189576b6bc42b506da52a59a8ef961ddc6afd4fb608c55b5371e807c368b55351edeecdf378cba72f7526f43bb4361313f5d420e2c1d69f2234c0c6d6e97b11f5c07886aa1baf4e9e75900c88f9886b74f1a54e1d97d42a736c426b9991944cc62f5119c6b3e86983cac66a6b29021fb4ad43b16fd3f82c56135b4a5940fa6a503e3693b4966a7c7a349e3cb3521deae9ece023f98df2bd606a3493990d57f79324e63e1933b6147c44d821a407cb85b6c1c7c9ff005f0cb1c22ca607afd35077279d800b5fc8ab1f685ce6b845e13c86c0f24d0f8baa80c8d27028d492732b571ae3aa7f612a16567d72067e25612c65d5f457d2e36ad9a9b6455c95d08d478adba96e20c114692c298f49119c657598cb3a554abc2d3c07d19fe154b8585c39a556bf7af4f44a159aa7efabfd7cb5521f952a423357fc69f3bd5c9182ce039757e3beb87976fac704607dacaca61fadb2e35967c0c6c90a9164d23e7bb3ce7e3da4e21bad11f35fb79cfc8beeddf60dd9a5b370f4df1ea172eba410bf65a6f4a46ed92c2b56f3c9b7936adc0d0b0c7e6a65b56d2d6258765606aefb1272f5c53207c6a6222e934210bba1ca00263a830921394e7a2d9efc05b69a7037b38dd9ce1771856932a2e61e9ab7e9a23c6aede97a78d6d263e8eae59a6848d6d48849c881041b86d052dfc8d563ebc1eedba886a74eb31c7d3520e0f517350fd0d4fd266223538e5574efeafa6ab3bb6c37c654b9ea8594186aa7b2298f1ada9cc1d89fa15ccbb6cdcb904badcc1dfe25a86d397263c565bf1d4f68b4aade21cdf7cd58774e947248d4e36744fc1ac15058ba0e09138d37482f87a5d8def5ee1231b705042c3569dc951c54df9af9cc0c28c5b71923d940d70412016354db2d0ccd2adf5addbaa6925adaec01b8913ba2c5e9333dbaac7d1aa5cabea50535f854e9a9d855348db97a59ff00b3b8330d730ac647c2352989b31f858f6ea16464eb847c7a5878496568a49873f56cac22ca8fa875c8affd01af65c3e258c1d3c4734bfecea51f6ba746d5750391865414828b9a74c8dacfa59ffb2b0be56bed067fd6a711e4c62e655a87fa6d3b10de37779ab69b3529920b56ff003d3e3ed7504b1a220c38544c2b2f33aebe901f3eaa7b0d2191ad77e229089c88811d3cb9dcf4bb3b5ebeb92979a782663ab561f8a0b9ab508ebb73a916d37df39e73f22fbc643529cbee07425aa5563d4a33f913cfe4599fc9332c59659ca69e8497dd5f69f5ad688b214f961ff86931f37a6aa3b1da929a7088e7a74c6d715da8d3ec70c6a14e91a68898001ce3192233969688c3a33baeafc1152b10f4aa33a979d2bc98428acda27652ad085b5e1cc7702a68940d92e28d1c6615e9a98ef574f282a97878c55e6b012138b94a58c17dc5e7936f25d76739deceeba386d9ef4889b41d09245a25879964b25974b3aae967f1d2595eb0223e18ea9d8c9a85d99aa9ec9a41d75bd1a10c0d38ba9d2b092b4eed556991b40d5997b58a03c7e9d3c93454102023e9b7a9d858658713b2082aad52c989c9fbcbb1ecd45320caaf87a9951524a6102905d0c5b2c1479521586c8c97943c52c86acee40b22cc76f963098b9f2cb7e832db273cb2865364b2495d581d518aa90639a8d898ca15fa15ec21828ad321772c7e978c73ff00c23e758feaff00e3d3bf558220b56be0f0ce64781fd42589531f9e2a440dbb7331652a0c8fc9cec143ea5cf67fffc4002411000202020104030101010000000000000001021112210310132231324151614220ffda0008010211013f01e97a213b32a951295314fc873de894be9175effebd89e2e989d4ad0dbb1db2299b13fb2f27b1cab485d5c95d19632d0db62859a48ccc9b252a45a9689475a1369d8ae6ec4d3f5d251b1c5a65a8a233f2b316768c113858a18ab33a437646de9118d75b4cc284947d9dc6de8eec97b477efd2329c8e39fd48714c506dec55e9759723f42ca3b21372f64d5ca85e2394a4ce3f16ecef3b1e325670dd12e4716797c88f2b93ae927e764e69aa389e8e55e451c71fb31b931a6849d1c4aa2723d9dc5471bf2e98a6478e9ecaaf4733d8abec8f224a9119d4ac7c9197b44a6b1a4713b8948edf9092e92b94b476dfe9b52a2ae6564c55191ea447c5d3314ce3fb44617f6767fa43c655d2fd9c6d8b726436db2da286b63c9a38f91af6292cf447e47249dd23fd2e9fa4110f6ce356998d1183b23f32569d2171aa1a4a5485f3254e43d3422bda38def67c64612bd1db7fa38ca3b42934eca94b6632fd3e2f62d2b6456c96e5d25a90e38bb3535b307fa61fd25c4c5c727a171bfd3b7fd146311c94b44528ec8794afa4d5a23e4b64a3464d1dc639ba3b8c52666ec7b471c09bff0024552e9fffc4001f1100020105010101010000000000000000000111021012213141205130ffda0008010111013f01bb504684b4468484bf8751d47966ed0704be208947093a410848e09d9c2ba704a3a35a24c89297037240b431b9bf0c8e98a83146242454bf0968ca17c2a51a63502e1d2121f0c50a5158a935c1d2ac96854b92b29e5aa6715eae94a31654b5691d5ab50b46cc5b1ad10d0939d9576d9689b2d2323c3c260e9e0f64b2afd1d50663dabd48f0644df486a48d0f825f150f83b37a1f050d191328f05c15eae1d44af4c909a642251923a3d8f42e596d09ce8e33232154648c91912d90d0dc8f4ac9ec7a16c8312366234622e9554243ddbfffc400321000020102040404050500030100000000010200031112213141102232510413617120425281a1233033729114436282ffda0008010000063f02fd8c645e071bc246768d880044c4a2e6f15fb8e0c9618782adae4fefdc18477869b749e0f0af630caa4c057bc0e066163543a8bc7a9f6e0f54e8ba7001b3276fdcb1d0c348f41e0b55440df36f0512b7bc7a7df28f488b002788be9694b3dccffe61ff00d9ca26d8a2ddb9c8988e57cccf33172c35dba069c3139b0818687f639581b70c6bd4261ffb1446a15f710d37360653794ebafcd2f6c8fa4f10029b18965d0c14d333694691173794296c22a2f4ac4a2bbc4f074ec4fcd002721bcf36fcb0b1fe212c341fb18d2f80cbac34585bd60f114fa6f9c4f154f78955179c646279e39840a369666b181ce9e9052dc8bc2a6f94565d0ce6204ba2da3d6c45db68d5aa0388f798335410786a5fc6ba983c3a9ce62698c12a83e12f6bda766ed3cb7526f054a79a182b53eadc46f0f506dac65720a6c25945847422c5629bf2b89e20d5bf2ce4bd94ef2963198d2511619eb2c064256ac588c3a4a563ced08aa328311b5e114545db59ff001e9afea9ea331b9c553681eae49da00a2c2602dcdf058e6279942e2db4f2aae4fb343e1abf44b2e74ccceca5a04c7851b79815b1608b53e56d62bd36b94686b525c4b50662d192dcc5ae2507cb906729d4cb0ac221f0e10e6d16803614c40a4dedbcc5f2538a8a313346c16f3279be2333b2f783c45536598290b9ef054ac7d7e2c4993cc35c1c2bbef3fe3a3598086955b9a8a723301fe548a894f9be680136de72aebf19603331853ea8e8c96b664c7f1753d904f392a73df38cccd8987cb30ae4bbceeddff608536262d5a8011bfa415a9d891f994ebaf21de5d545e05502f2ceb39581e1b70cd8032ca3140a428078156de25ede4ae821a54073b6b69704ab839cb7ec042d99e18488e2fc9b70c4c6c26222c0cfd16b5b69cb9fb4c3cf309632fcf2ec409ccc4ccb6cc4d6c7b711568ee785c9ca5d4dc7c1af02c5b28fe2316860248c5bcd47050ac40b42d991f8829a9cbbc641a4b33672c8b315a25fb417d4cc8e7d8cb30975cc4500922ff02d14396f1a839cb697c4272b5f88bb1c0df88b455af7179d6d1549210ef052a4c5aff880768afd8c6a76d254746b148d54bf35fef1dab667685def8768028cad15ad99190989b532e259c111997b4b9d40e02a2df29e6798715ed698dc917d2332b12633e23886d0b9d0f137d768e4f5f038b5da3dfaf837a4aded7976b853bc36ce3b62e611936107b4515ae142e56e1604e19606f180270ef1dfbf037d204ffaf1716c3d178b83a76e2a8c3914e7eb054a42c379a37f912e3f4c45a9456d680c707b4c0464cb695a83dac232b5b0b47f2cd92586a60f694c3807963285240e18546711077ce7b9e0157e698701f33bcc2e092210a99c74c172778d4ce838e60423008fe1caf35e0b8e63ace91c0df4b4c5b0bca8c997d52a5ba85ad0e2ea2787da53f6e171934bead12270cc5e6916b05c8c2f86c82748990b7c21d8663e076f498ad7869851685540e1acbbc0a3413aa754ce59f68c9b8f83099847c25e5d52ff00699d2fc4fe2fc424d3cbda363b584b7731c900fbc74f280b691b0810075007b437a2a2d0610065b44250124418a900264a2d3a04e9130ec72870eb0856379f34f9a7cffec06a330fbc0c37e2bfda53f6e2f1bde225fd65cfcd9cb2ea358bb0b4ab4c0d331135b08bfd6536a82ea36975d5749e536a34e2ae378a7b887e93c6e7298877bc4f4e34962aa8bb1c842cd85946b681868661faa20f48aa369cab7c225cadae61a483d2f16c33613da5275d0aca02c2e444a76bbda0755c2dbc0957fd9781bb1857e9329bda7bcc4d90869d3524b42ae330b1d78d21ed155af8afcb6d6794cee85db32c358106825358abe90ff7973a4f318e11aca96e93a466a8dcd6b09736a89295bb4a0f6d22629719a19e55bef2f7c568d4eaad8da38f48b6ef10fa436fbcc8e7f9967d6d2a7d5c69fda256522ebb1302615517d717041db867f55e381ada6134c9330ad0c30e2a6ac3bcbdb957394e229171686ad33ca265fc93135422f07eb65ef0bd56c50fb468b1146418e6679a8f7b778ad6d44abdf8d388cc392d9cf938533c33faadc0ba9c44cf9e7303f798b1fda27b449c8d90da0a429e7ded1413981c18ee728efdb28a9de206d6d0915059755831d27c27b4b0d04aac343c57d2d11ec4aaea2605a5849dcc5b1b8b4478addc4c437ce744c80e1cc273d3885758998194e449d0266a2740816d2c75de61f95616ed0d5a8b86fa613396a62a636de1f6951adc69d485e99daf28d43cc8c39ae654406e15b28577da7935323b4bbaded2e29cc9409a4cc080ba1cfe659fa4c187bcbd570aa262518a648bfe4e959d0b311c00cf2a8839ccfaceb3c9b5c985285716fa4c3737663731cfa463dcf127b671476ca599f131d06804190a74c6a5b532ea6f3cca66c7796284fda7f17e27491f697b1ff26697fb40d596ddc4c48ca05efeb1c6a2def9c2112e4e70009f896c36fb4b1a8273d43fe4e5ff0078174a986e2c6222ad9573c7df860dc98837e254e863d0698f08b8de31d91ffd8cb4ed81b988ed0aab663e2e65bcbd2333189bd6642df09bb6912e0a512758a3320987cc001bf0cba47c23c427de06df785f0e70a2a9f39b59e61d0836f5981355ea26799512cdda5316eb17950dba2075de320a6cd6ed053b59ad782a5b326c047ba1565179e60fa6f298a616ec2f9ca7e672ab2caca5af63943e651c43ea8cb5c936e8114967b0cf09e1e4a6a75998e73afc3622e2155365b9cb83fb4f082d94f1277f327860d9dc1bcf0c77bcf77ce11ffa32a61246729b0d6d3c3ff732b0272b41fd253246604a21b3e6b4aea3211d41366d62b6117c3c09859f33f0ff00ffc400261001000202020202020301010100000000010011213141516171108191a1b1c1f0d1e1f1ffda0008010000013f21954e197ee59cce668d4d423e9b97f996a2aea88382535d411ac143b8f0c358e65462029983b429168bac46a580d376b52fd66587eed712e7d4b97ccdcba3998f8d4b9d419788c12e03370aa69e25825d0a8ffd2217fa97fb95a0c8591d3ae2f4cfd661028325dc400471a613c40d41500ad0e970604455baace6032ec58431ff0065ca270371083abec9bd43538f33986388661ea6311c9355d47798298abd3e2f8e9864dee0145985eab505c4a629dca40305bee6e855a9fb21ba528942f07fe9332280128b4955cc1652dcb751a13242c37c08be6b98690596f12cc2e7737b8fdba986d94021cc40c42c8eb73c7313abdcae6e5cc4b39a9605c29ae25fe25205fef2595c741e7a95196d84d335022f5e194270d0e7c30b909444ee513783c6c54b0e838e2e079ad6c7a7988aa103e62f044d1c788e20a07a65bab4aaf06e3367b84577e43cee0c70f3da0b05ad8c7ae96abfa80260141d4bf57f1ceea144f69ea356b946ec5f8f4c1cde11e222ec8d09c4cf8e8750d16e8a7f12ca38d194a40b34e607050a0dc0a0e89640b4214a4edb88725d5344d0117995258632d45db4798c680297882f00dd83bfb89ef66ef4772f7c53fe8cb058c5d6d97f3d1cb2ee5f871f1afa9f564bf133eba25c9546edbf52b6539c62a2c1be3c3e19868020a0373d258ebfb3cc2c4f047284d61dc712c0abc5c7c29c085b200bda61882bd3313b55da730c08d01c45010b0824e500de6242806350a838257c9a9986a2075bbbf5331d693c5c1e1e20d403004224162a17e49fc4fa8a0842918d928b4dcaaa146888bd32a3dbbbe2a1a6d3435b60ce09883f6782eae59a50d520d80971c4c604320fb9809853c4b12502491851d2654a2522363534a6eb5cf32dc775a593ed56e004a35d446b64fb89a85cff0096094b10b38bff00c975f09c3f89744470e5946770254e31f07206e1ee32d5c2fe116a2a878f8ee5cd53058bb65c7dd0bb890a8d1370c723b5e6e5788026aa731f04e32663dd405a6e7961462a2826b4859df50a85cb6398aa8e83b08e4e3b782c1655e0183ee5d87b913cce7129ff00133d3f89c4acde3e2bf9a849d2a598d8cb9e12e3dfad6e380d6d25a51336ea5650f2304b994b2ebdcb230df330a73cc4160737007130d6619424196160e17bf654e72c5d32ac0f2d6e21599f8868d4c7898ea6e7e21b2350cc2622212389452a71ea60c51149809677807a252bc3669730d57b50ecd7dcaf575c3b88369e304d8a3bcb3f41a54e91567898f8e54c3789cf88fc2ecf10ef402ee8dc642392c3e449833fcfc713e9f88836c261420c6990173538a69c267afdd01dc7902d8ee544a79560ad0bdbe13525b32c784f09994a9daf116f931c46b529a6e342ef0131147a0b37d469388946acd8ea59e4a22cb761103949e683bde4f32a772cb8b997846dbd432c29ba6e54abe609e1b58d2636f90f04a98c9e25c68e3ac51ca2d612c56957dc6e0987ee0bdb135bb9ac5a47922010e2e5e614953a2ee01417ae17286483511b80f2351958ee6a325c23b9558219e215f0974accb80b53f72b8cc5c78d0ea611db2d822125c812b5d968f3101759ef2eb8c21fdc2f99f98d5a032fccc28743d4d15e265950733b9b170a1ea59d7112aed0ce258af30aefd88ee0b2053f888d6715e08a3790835e79cc4a1a0b6a9917974b28c43bd5c3a47806a28aaca8cca851530a7d4378e5db8b806845467f1007aa8ff70840c74893f12c1413e0946f4ac2ae61b30731b9bf55b986cd92aa2ac6106ba808b0b8cda1299147678f338454b05ea1daf1788c1af22f72a6ab94a4d388b82b0d6e76079255bab5e20aebb6bed824d6c752ff00d52e48767c750c9006eb08f0c84e61ab084b788f0b33d608379c7a87c635dec8bd0136115f5081ae18b85bd333de439a9cea038565b0095d0ade70c67a88ab8f52ad8324fee04636abc4d9d7a854ef58aecc638987a95d51edec81b6b36ffc833f16c0a25514fc11f8091ab5fc4caf35a573090394953ff8d00431d04cd4fa9f9f8bcef35ee158f31089e2311b1ee6283629f30f1908d4a1d16ed25a589ec2622ff49caaaac625640146238c7e9013fb0429b0fb255e8560109cdb6678654b252b119631cdf4c21df6bdbf01f199a62cd7b86511756260930759cc653af795071cda20460e48ce388fa96bc080f08de45c546e69139c012d023ae7ee3a83a506602721d21800d15962097614cd422d91d4ff00e2c0d33256a2f68bdc4506ad7b8c77ba0ea00ffb9cbfde0ed0cb2702073e08c2fe1515c082b2d9945958971cda51528579de61c01550972110f950a3adb152b156c8ed6cabdd4b4c6c5b99654ef2c4062107a4a4e5174eba882f4d93cf898adca9af54bbf242dde4b82b2d2ff32a20cb880396722d00912939456e5fc64773b3ee3e1a0738e3dbc934ae5ca6e4a6bbe4cce42013cb2e773a83b94568560459ddbc082e1b003d24ca0d8aa6a527ad22f78948d01313408377c4e490d34c50aa3ae750a29912e7fa66e2812ea3d473b0aca789717da287a31dc22a945e2311e24b5ee910f0cd9f15555f0fb8da3604aa5701591a452895aee96fdc54b603f50b4af5fea21a8066243834bfd4c4a28d9e22243639c458087692f2aa2d5ea1a694a625c6eca7e88a4b88d6a3870645c1d41828e17711daf0ee02c81954750389c976a6df3008a9661d4c368adddb94b1b7205f5c4a09e06210b84a2b4c69751a16416f20a830206d84c2ea0fe61297d425c8cb0f10c2b5db733fa8c5b196f70edb13ed8a77ddb32c6a6653cf0439bf9c46e4a4a73a8b82eb1bc92d20ebe3dca854585a42f0ac3bcb1c60bb61310d5e0b66ac945a737cc4a9a6e82283efae508d464aea1011c2b7e7e31323be48636de25c4a2a961c5411b148e6100650bfcc783d442767e537e52f4c2ecc24469fca6c83b52fbe3906214f1a957fae60c5393bcdc9b7c9f70d739090f703c40fb96a4685254ce55a4d2b233aa59421b6e852f12965062a560d8fefe331977513db4a276475dd2e1a8ce1c58c60f78c2915ec9733755d3ef34a6c32dc55a1e02784cf153006ba4826b07865fba06fc78978102d5cd647cac2cbcd017223e43ab9ac74e03960e72d9bba973b66c274427cd6ea54a3972087074ab184c6da01424d860254ccad8c696383b004764386b36c47995b9947152832ff009a01d53568002b494617e73fcc7320f44c9acde2f64ae172e0f718d6e59caa15bac8db08503cac09548f09799fc44038bcd10a00f9c0c56d0c14db31072285b19b21c4291e827f72b2ac02032597e621cc61615332bae64227345c2bb68651f531861fcc25089eccca705d1e5f12a2b38cb7f72acaf3ace5ea10e0f8a002e8750bc55c1b8caeb740750e1494cd5bda599865c41793e7294024094c7ba9bca79a4c6e1cbb4db2c0dd547bd188cca295dad9f819876a5e0522dfb947189643fec2a35c457f70aa42ac350c5286274810607a1d4100a524a1cca372bf12bdcac6980d11f33488762ea03f38e50aa3f0095643da5131d4398f607317c0bd36c0ab5815b951630a764605f1e658f2bf9e882a6be6ec0c857861012b8f061aef550e17d413c6cd30467d2cfb4bae5179597889d90571b962463371bdaa74f97c41031c18c58de91a869bbf89703b01e584e9c4799633e8204437eabf10a787aef8653a35bbe18e8b1aa8587087d9b20de30135350913bc6fd4a4ec6dc78f8f72be1a993631d3203068602de6d3ae431f71504a72dc4b94b2dcee3f04819b37fde9eb8a2657c174c6a8aaf333a71fd9371ade261fe9a816d053f71eabbe5d40669aa21943617b9933114d4d1180c217385bb6df8e63f1ffda000c03000001110211000010ebb021326d9f8a68583167eb88fd03570f106c5c701ce7e3ed05665ef6a63b47818fdd987b88daf3508c1f6b990a116c1582f4bf0cbaface03ac0977b0345044df1f5f4627af6bc4eb59de67821b14bae2ebd31f8825c6e2d1eb186b277aba7f705c2c29faabf73ddabf9c1ced25288506564751b4ef73efc29d4b8eff00410b96e4d37c96c13a57907f91ca6e2adc936918f8b6ffc4002011010101010101000203010100000000000100112131411051617181a120ffda0008010211013f10973db0e880bfc4b05e3289f1805de65b0171ed8a7a3207c425bff810e132f830fc078ccfe8c9953c9daa7c806f3cb3d5f3cb89f07b7ef0be5a407dfc806baca6f47d95c7ef46eede4624eb6cdd20bcb979db518b1c2f3dfc60b4381703f0331412768ee7fc90d1e32ca1e3d81d57d8030818db1f51eaf59cebcb07c223cf7f1b7847676c3c61f716aeef247f613c0184c2b765a47f048479f80282d3c7b31c48a993843bb620fb2802dbe5b5f51e8f6cc65fa88a6261fe02ce9f62e1f9301fd93acd66504a20dcd6568f2c02dc9fa8f7b67d7dfc3ea3b1a23fa80304d9fe2e87c58c3c8d20091c62c0c977a127f4cba786d90cab02fa6a01eb67fc71b45c09003a32e81f67c111fb20cc2d0cf5eadb19ba8a9ad1b610a3d94bb7f945d04ec47d8083bddb0592d474216203f53c65a8981ec710b2e67f69cdd6e92007db69119870e4051058719fd6c2425ab2683d8e06f11d27f729fcd09d7c641af8dfb611a5cea3dcfc23365ab0d93adb072409160d7c6d8a3938b2f38b7fb4830590c190fd86bd4cb6bff641f884c792d19e791e5aaccce22e314d0b11ba4cd9d514f60fb69a3c8723f1ffc4001f1101010101010101010101010100000000010011213110514161812091ffda0008010111013f10f80ee3f065d5a2938fdb8bb0e2b06bcbce7fe7c93049387e410020d2e6f27f8b0f1edeab67e7d1269716fb01e3fece7c9159f3938c4ad88db475904cb0ff00b2277e3ae43162f20e3fb63dbce12df8bc4c95ff002ffa48f59febbd46bb2aac3ab6f1b23d6fdd7f587b24687b3af6d3e64d59f38c4b373faf8088cb63fdb4640d8136dcc01f36c9134c3bb770d600ec20463e4a0e5d4e1b3b49f0224705ab765e309ec65411fd977271353cbffa4afefc402963f251d6472f22d459bab86976f6c213830b7b993e99f3381004f097005844bedbc883f12ccb0d11f19f13e2f92fe5e534c6d1e8c47abc5bb0ca1848b3c36cd4b46c97c6278bc0232c17e05c0c94324f817f84b9c0c2e804f170adba43d2413bcac7e59fc847cbfb4ede4fe0bc91d27b247c3e6534f499eacb620e8b3ec240cb24fc2cbb2d77e7ffc4002610010002020201040301010101000000000100112131415161718191a1b1c1d1f0e1f110ffda0008010000013f10076e41d4c87039a9710a57d411318ed9c2565958b02efc401acd3401974c1a36407470e2bb85e5016d76e4f994955172816a04d785e025e7a77099e0e8cdff00235e4ad0d299fcc6b0b90bc7acbd260d2105f818213850dea06f592d6e87ee686bcaf332ead46332c236eb23dc6cb4c6bde283953a960a3cb106961edcc151c23e730aa57ff2ed0679cc06870df530ca2e0651382a56c2c5ab3fd98061582703889378f0bdbf7cc28dd69c771ef51f336370d7b5c2ab93f31b8ce8f5a61310c950616e0e5cdb650c2f0313c710541d4c965c08a229d636ef5986c6732825d6e4082d81f1060d8145fa2080400de5cf895b5aae90a7fb1b0d0aae18111467cc4d030cddcdd0335dc5472c6c83d04d0c6642a0aaab85a2e8ec8b60a6157dca2f583c453f4b7b41d1f63ed104a134784805589e725a9a103e981cd71728c0cf627c4b2a18a5d59a3da6355d195281bf496540eedaa748e984ccf30e9b90755a9531e16c3dbeb8fb89998c48a2a87d57a4650514dd99fa7ea052158aa560f18a25c2a22388f3ef3984e5e5c0beb3f2415bc1c5bcc43a2d6dfb4bfdbbec613268f52d76ec32d6c5751cac6cc627bbe2713157858d0d8571dfccb692ad5dba806acc3b9853392f465f7e7da3b08fb0a9b7d6603a8404506839de20901735afbbe18d3ec4d3fc62fea2c2560f0a3decaf8862c415329cfcd45fc06f9dad9ecc6ddd5a82aab1dd9375ee106f7a0cdf5d21eb87036d82fb03961579c6daa6d5c5d04745bad7779a07eee30910a97363d81bf6a80cbd6605797e6e54b6bbb5fed4a015d0e1e81df6f9a83f90031e11aed08857279bf3144221dd44578de5a94eff00128bb01820002c708b8aa8258266b61dff008e239fbbb42dbd9f89bc880c6bf11d0798de5b3d18617601d3cacf4a4f12fe81a35074739cfccc8659e03e7e0955c64553e63379c9c9eb29a945046f4cb4152721588af6bca187886938505565979d6006de2111cb55e4f0bc409b6f6c8fcd661e02a23432afb7e25949a3c0dae2f1313440eeb367bea2786b561bdcf7dcbefc60f639a0f6dc22005e899c76b2ad6efa7c411e1536985e4673dcbffea68ae30e7d615532d7470fca38068bd3b1f521afb3c070d069ad7a43f5ec97b17962018032134a7b6018b44c9d95eba89c398094780312a7ed1687bf99b1453829aad6c271958b90b3f9f730cc38ec3bfb8b4c49055d28f981758082f6e5ed85513894fd73137f0aacc1c78d4bdf32e4072fd90b116ed95f537cc70b3c56962ad621196f3cf5ef030290511d51e8399469abe1f35fddcb70a96eca740ebcc12123001fd8c4fa9827fc981a32536eea52a501ca29dbe6283172044a99af38f23fa86c114c62c759cfb45c250e60bc88f5070ae42bc2bd3a8e8598657729b2fb86c29460ae6de79944603452cd25e6bcc4e8b14638338ff54a466cf23b31e21a4b91949c0cdd92c2230414e9ea53c0926aaecf88cd3a99de6eff0032e72c4ade18e15717a3179ad6231e520b00a7e4d7c4bf98a8734f11202f1802238f98021e37c0fed5ca6aee82003083d9021bb6655c2868872aa9746b06c80b75d5eeec1f9651c816edb2d8009179adc04b2c7c93d6fc4acb2aea72c56aea178f83a5d27ee16006943d2e4816e008b7ac3d2f35045e85535fbefce200e74f07ba7b37ed1d93c1bb57d7a3160460143afb6168029bc17658eb51272aefb951b0b94995a556589baf8222af91cc14f23bbdcd74af0f71955868c50e1a80ac6c1083979ea281acc95bb080e33cc96f15c278f30a06f1a99c3fa9673192138df3e91ad89b2b0f47512b85f9e263b17acca2f0fba9fe0a2992197988a0cbd678a0bf102d2a369ffb1493b123674faf312a40a9c023f244d919e891cd1e7ee37c55302ddfc44471a9289af7ccb82c7264f5ae094d19c5d240791f44b8d8b35772bc1d292720b293751f5729426000c037758cc56283ddca59b2d34d9e6121465d979a7df3ed38a012a14e839ae388841ab676378e471a606570514572bdc58c2a2058f841832a6a36a323997d3f1302918a8234a68b8157ed9552ece03c6e06a7b1c312a44ed7b41a0035471ed35601596bd1288ab4362fe6a060d18cd5f0b6d8f6cb50a6b3bf370261869113f997484186835db713014d167f44317f551204a772035513abcfe6312e07697817e90ca450ce16717b8ec2b1ad92d74c3771fa24ddcb777d950b4d76e8176f9835b169aa9a080a3b3c4506d43ea85585e76a660e4221dcb806b22b36d1887b369c97ed0665db651d1e350eea80763c7cc5151541299f1100659ab1ee52a1ea19b673cf107482a680acf8c4369a9b01da3183a61361420f6ca2825a4b7ea3bc094237cacfdc648d053dd6bde3a235d4c98217635df69e5819676be8100d4c0ea7dfcccd498ae83b80b4ea8d1cb9c6236d86df897421c2a7ee297793a44fdc32f1b068dad5f05e2610dc9c01eb9c8fd44843bc315a96c21ff2001532eaa5b2e52ee13058c03f98a46152f53c6bf32c11004283e2fde28ed90050f0f9864fd6be4be92c34314ac0332a7881730cbb3f6a8053f52d0175c85def730252ca9d320fa8a9945b191e399a903434bbcfa4bb16815cf77e6316758e4dbdb11ac52ec65f11af0e94c0faca35a871cb9b8c2ed965b130aa2d766bfb2c3636b2c2cd7d4f7a02c9dfb4a1687ac8bf3acfb4d43ac303cb7df5e215412230375e60b756002cb8ff007863b2c0a775b8ad2945ecdc42dfd2606eac664b4e058e71cfdd7d4bb01872204c32f32f1f6ee0c414f20d735ef287141b198aa4761ad3988304e42f6854bc8b25ba46b3862a8a9552f2c5d47352851405967370fa236f4b767cc32b59345686d8da980157829a7bee22a05d528e35aee6860f610dd1eb0841e6bf033292b8bcb8ce9990306e206fee031802aa58493b7586671e14b69932f19a20c5489a19533b329e2270a2a142af4f96a51b82598afecd18a75b97e3e70b0b342382d38d5ca05f0f629a0f15ef3720e4549ebef17992ec53dfac424334c39ac07886c059add350341689782b728a11504c55dcbed2ecda2ca7c0c4de92b2c134d74e712f4db95575877825d4a0b2dff88d0cd171298a1764c611f12ef443745e6035581c97883928201e5bbea18c7505065eba3896e2ebd56e0e80abbc7082c3762550dfba1af727064cd6b5fb83a38d09e2de19773d9d592acee019743171aeceee26130a393a9406c2b898e8f888e8b585c443da2808f0c35cc214b0df96a2091065b6e83aa2a2e40e806c948a960f9230d2961b0a6f863ed672601b28bce3e6289225a06f2eea008d312ca692bcac233a017e62a356b88614c351ff0023d389bd1e2258a00eb13c658709dc1713a314575e0cbab0e77ad4dd5103b18e2806bd211080d804bf78c263eab570c5ef18a08e2bcca5fad3559a3caed9ad55a335c7896501a01f5295933e2060cbe2634890bdc0134e89655621e0d5f71557194b990a7750a9ca8d6a2c5440a33657ee36ba5a58d11c7bca987cb391dbcbe7c42c712b0f8e3d60a0e721cbf12e41c5e6b9fa89e86b180af485f836a3834ea0826d761fe4a4167562fc10b0533425f8c11b6060203dfd2e296e0f4b7f45caadd2b5dcabf74c2c53ef72d592014bc0c145d96dbc8f88a56683bb80191a9e8344f4328759d05c29ff00d8ec3f1317d6e08595cadafb8e150ed2fcee0a0dc65447920a5a22f1e65be989bed69f0432b698ae4eef3bfa94cb80670c5958f6803406d84bc029bf0400088a9619aa19ba832a0b506ddf9c78977130905dbd73516d115dc1b5fecd3f00907da56001d69183df6f5fe44b5eaf5b0712de693738b697cdd4192866eb0966aad3cca9accbf5d76896bee262c9f15c3e2e3e2135753ed842670b48f8dd477815c9d7fefc4ffc267b638cc5b00eca621884a0ab5cdbe620360d6a54d0cf44219cddb1718fa0f5da8a955b008f18220954aad8ebf10fa6d9981dfa5cc5e0851c657e65bd541cf27fbcc002a40c02b9f1fd82e4c14c14b65ce7f8c20a2af1ba598ef4d65a670f5fa8eadeb340e32e602c175bd31c3659cf306f689f0baf3e604700a9db597e605f56068a257d90142b7455fe674b758b88b641282102233c5a7994b895f6c2cae329eb33d90c1a2edb82c03eb982211c00ead9741f588f9f8b8ad28c378827a2511e8dfea0dfa69562d737189ad6ecd7e2224ba3dfabc4f38c3ece71e90ec736315d1f1089dc82e63e2589d145545d39f495ab865a68a7bcbc42453007710a15eac63af2cae0c5869384787b85120bb03cbc74c2242b08ec98573538d0263445ded83f9b841f12ccda13e2995366943d7316367b1ca2a49360f6966c41c1404a88f36add194eb3f98582e6a5786238b02ad0e5f82266e09b0d6cf781601c044aa1e262bab1d5731d45d08de404755b663a85240aef93317be26ee82f32d53916d3033e2376e24bcaeefe48ac16c294a6ba4e254e53ca16c73c9500084c02ab0a256a99eca0987ea53cb40e46d3e7997381636bbc3fd884625353c4781739ea01a15626078da4428a0a595d6363142c9af6b6e9f4633d0568eac63218103a663102d45bb5bf88051da8dca6ab5be255cb55c1689842d402b4b7568fdd4558c5f8660258142837bdee2a19a0f238bff62604e0388f159b65a6a28ca6522b84b46aaed51021ba377e218d55b6e387d472c98052dbfd47be350f1630e61571de8541ca59bbc4468c65b1e9a670b934acb0674c3c0aa0d1ac6351c1814a6d304e2ac37192f3b82000a4b8afedfba84c4f4e27160e3feca25645c83d14dc0aa169434397b65fa86b6dec84832acbdb7318176ddaed6be095b1e5790c789a930958790be652b1cc289020aac0778f880016e3bbe65481a40a8d6ead81c998828f36c02492f97a40785823bbe602030d3746ae0350fb345119da173e3cbde2b41655a769c60e6021443e57716ac46de32c396d7a866bab336c72b5cf88d681a5874ffd992377696794aef07598e7de20ba3770bd5aa2026400c2cdad673923f8b1c7de171430547b6d73ce2a3e4a3536183f31180b08f177fd23688e2c2cf2e6fd23ab08cb57d6daf79a1971c2889540ae385d40bac6315827bbe26d3a16e9169ab3cc620ccb95dd19966ec02b91ddb96568f31050e21ab81e21d901ea04bd3551811621683028f88203a823cbf1296ae1290c61c6cadbf10d9926d62d46741ddaf61ef72bcb12d94739567b8c0f936dbe396e66a6e7499686f7398f909d6526167066c6e3954865afb9eac3550f114ab838f3130d122c6ab5f56a58bc516cf8829c6b64e6b298c68238a5346b5b88b9b0a9e2982e0a2af156b5f886375930667bbe658c665a6846cfc431060d61bccdb4066696cb9ee01b3c3ca6629e651c55616b0cef8c0cb9cafa27a4354f4ad1cf1888e8dd91f184c69ad9101014df46fb8ae146ec9a7b8f502e007c8c7c932cd120c5f0c550a4414f145ffb880d7949af671f50f07a103f51aa5f5ff944ed51bff8a155e5351ed05dae193d1ad13095da2f1b03a21ba723081e5f04b98270a2dd0b0f3a8b29ab201ea1cc01b296a504c2cb2cec0a7e1868b7717a4e7ce53aba7f335139a610b7973865be773cb8c1dff6242eb23d5a70c6a8a993b735109c5bcd8695c4241b15a7ad3711a95b4fef01a94a4e7d9cc0aed85a15258a31762fe1b961560ae87a2c0125e5e028aad5404d02005cb658c56fda5a91d6487aa35b80a8ea45f961d92bbc1f9562b462b167a35b852c5f4f846ff5125abbb1fd7a45a203ce098fb1a1b15c37e91006291515c5dd436991b2fc7bcaf68917c0f27ad4c3419f9c9966cf2c4f27d402eda1fcc0fd120b8061af512520c86145464f7937c5aff6e5491503c1e83715c780d3c7cc548c95846e04e098cdc097840eae385d0adf9988c8c56885503f3c4a94bf47ea3b8be1559b27c0e25255768c81041b390cc4ac34f5a9486f1293caa272ee53ec23c102b76e5f134b9674baf69700015dd0c4496995e073162c06ceecdd76d411408740928c399f3f311dd7884f3586e1a7d3fb282d291307f66d2316eab5e598e36ed589cdf4130d82b33614fcc32bdf5ed55afa899b6e2eaf659aa2396c94f84e3cc050b5d46e350b90cfa53849dccee5305166a133574c44812c1926b1e2235c4b606b684633795f17999015f43c17e9195a0242978e731503a9b35629e25a8c36a9bad628c6e560800aa52c4e9cd6fda1d8a04b5c9ac7d4bdb09c83667dbc4c448364787ae258b85517ec707ee036a80c11a00b729d13708c0502c607c983621adccf9ca4118a40a34e7ccc1ac7f4518b06228868f3015053bb141621d671a33896ad2b9dce530e160e8b88aae60ce23b4474b9baa86cda63f64b5451d50d6b440083919cf29bba050997511e5273d1c7a4126163a3303c96b55ca2c36e5b24057c17518dc013b84c3106eb34cd055f1cc77f580168affe7fffd9, 'Changunarayan-2.Bhaktapur', '016615702,9876543210');

-- --------------------------------------------------------

--
-- Table structure for table `session`
--

DROP TABLE IF EXISTS `session`;
CREATE TABLE `session` (
  `Session_id` int(11) NOT NULL,
  `Year` varchar(20) NOT NULL,
  `From` varchar(30) NOT NULL,
  `To` varchar(30) NOT NULL
) ENGINE=InnoDB DEFAULT CHARSET=latin1;

--
-- Truncate table before insert `session`
--

TRUNCATE TABLE `session`;
--
-- Dumping data for table `session`
--

INSERT INTO `session` (`Session_id`, `Year`, `From`, `To`) VALUES
(11, '0', '0', '0'),
(18, '2074', '2018-01-01', '2018-01-31');

-- --------------------------------------------------------

--
-- Table structure for table `table_details`
--

DROP TABLE IF EXISTS `table_details`;
CREATE TABLE `table_details` (
  `Table_id` int(11) NOT NULL,
  `Table_name` varchar(50) NOT NULL,
  `Year` varchar(40) NOT NULL,
  `Type` varchar(40) NOT NULL
) ENGINE=InnoDB DEFAULT CHARSET=latin1;

--
-- Truncate table before insert `table_details`
--

TRUNCATE TABLE `table_details`;
--
-- Dumping data for table `table_details`
--

INSERT INTO `table_details` (`Table_id`, `Table_name`, `Year`, `Type`) VALUES
(31, 'Year_2074_grade', '2074', 'Grade'),
(32, 'Year_2074_student', '2074', 'Student'),
(33, 'Year_2074_subject', '2074', 'Subject'),
(34, 'Year_2074_marks', '2074', 'Marks'),
(35, 'Year_2074_teacher', '2074', 'Teacher'),
(36, 'Year_2074_term', '2074', 'Exam'),
(37, 'Year_2074_ledger', '2074', 'Ledger'),
(38, 'Year_2074_percentage', '2074', 'Percentage'),
(39, 'Year_2074_grading', '2074', 'Grading'),
(40, 'Year_2074_teacher_teaches', '2074', 'Teaching Relation');

-- --------------------------------------------------------

--
-- Table structure for table `user`
--

DROP TABLE IF EXISTS `user`;
CREATE TABLE `user` (
  `User_id` int(11) NOT NULL,
  `Name` varchar(255) NOT NULL,
  `Username` varchar(255) NOT NULL,
  `Password` text NOT NULL,
  `Type` varchar(20) NOT NULL,
  `Phone` varchar(255) NOT NULL
) ENGINE=InnoDB DEFAULT CHARSET=latin1;

--
-- Truncate table before insert `user`
--

TRUNCATE TABLE `user`;
--
-- Dumping data for table `user`
--

INSERT INTO `user` (`User_id`, `Name`, `Username`, `Password`, `Type`, `Phone`) VALUES
(3, 'Sunam', 'su', 'su', 'Regular', '9846010790'),
(6, 'Subash Niroula', 's', 's', 'Admin', '9846055581');

-- --------------------------------------------------------

--
-- Table structure for table `year_2074_exam`
--

DROP TABLE IF EXISTS `year_2074_exam`;
CREATE TABLE `year_2074_exam` (
  `Exam_id` int(11) NOT NULL,
  `Name` varchar(255) NOT NULL,
  `Result_date` varchar(30) DEFAULT 'null',
  `Full_name` varchar(255) DEFAULT 'null'
) ENGINE=InnoDB DEFAULT CHARSET=latin1;

--
-- Truncate table before insert `year_2074_exam`
--

TRUNCATE TABLE `year_2074_exam`;
--
-- Dumping data for table `year_2074_exam`
--

INSERT INTO `year_2074_exam` (`Exam_id`, `Name`, `Result_date`, `Full_name`) VALUES
(1, 'first_term', '2017/02/02', 'First Terminal Examination');

-- --------------------------------------------------------

--
-- Table structure for table `year_2074_first_term_1`
--

DROP TABLE IF EXISTS `year_2074_first_term_1`;
CREATE TABLE `year_2074_first_term_1` (
  `Student_id` int(11) NOT NULL,
  `Roll` int(11) NOT NULL,
  `English_th 40/100` float DEFAULT '0',
  `Total` varchar(30) DEFAULT '0',
  `Percentage` varchar(30) DEFAULT '0',
  `Result` varchar(30) DEFAULT 'Fail',
  `Division` varchar(30) DEFAULT 'Failed',
  `ClassRank` varchar(30) DEFAULT '0',
  `Rank` varchar(30) DEFAULT '0',
  `Remarks` varchar(255) DEFAULT 'None'
) ENGINE=InnoDB DEFAULT CHARSET=latin1;

--
-- Truncate table before insert `year_2074_first_term_1`
--

TRUNCATE TABLE `year_2074_first_term_1`;
--
-- Dumping data for table `year_2074_first_term_1`
--

INSERT INTO `year_2074_first_term_1` (`Student_id`, `Roll`, `English_th 40/100`, `Total`, `Percentage`, `Result`, `Division`, `ClassRank`, `Rank`, `Remarks`) VALUES
(1, 1, 100, '100.0', '100.0', 'Pass', 'Dist.', '1', '1', 'Excellent Keep it Up'),
(2, 2, 50, '50.0', '50.0', 'Pass', 'Second', '12', '12', 'Poor performance. Work harder'),
(3, 3, 25, '25.0', '25.0', 'Fail', 'Failed', '0', '0', 'Failed. Work hard on failed Subjects'),
(4, 4, 45, '45.0', '45.0', 'Pass', 'No division found', '13', '13', 'Poor performance. Work harder'),
(5, 5, 67, '67.0', '67.0', 'Pass', 'First', '8', '8', 'Average. Aim higher to score more '),
(6, 6, 89, '89.0', '89.0', 'Pass', 'Dist.', '3', '3', 'Very Good. You can do more than this'),
(7, 7, 76, '76.0', '76.0', 'Pass', 'First', '7', '7', 'Good. Focous on weak subjects to achieve distinction'),
(8, 8, 54, '54.0', '54.0', 'Pass', 'Second', '11', '11', 'Poor performance. Work harder'),
(9, 9, 32, '32.0', '32.0', 'Fail', 'Failed', '0', '0', 'Failed. Work hard on failed Subjects'),
(10, 10, 56, '56.0', '56.0', 'Pass', 'Second', '10', '10', 'Poor performance. Work harder'),
(11, 11, 77, '77.0', '77.0', 'Pass', 'First', '6', '6', 'Good. Focous on weak subjects to achieve distinction'),
(12, 12, 88, '88.0', '88.0', 'Pass', 'Dist.', '4', '4', 'Very Good. You can do more than this'),
(13, 13, 99, '99.0', '99.0', 'Pass', 'Dist.', '2', '2', 'Excellent Keep it Up'),
(14, 14, 11, '11.0', '11.0', 'Fail', 'Failed', '0', '0', 'Failed. Work hard on failed Subjects'),
(15, 15, 13, '13.0', '13.0', 'Fail', 'Failed', '0', '0', 'Failed. Work hard on failed Subjects'),
(16, 16, 35, '35.0', '35.0', 'Fail', 'Failed', '0', '0', 'Failed. Work hard on failed Subjects'),
(17, 17, 57, '57.0', '57.0', 'Pass', 'Second', '9', '9', 'Poor performance. Work harder'),
(18, 18, 80, '80.0', '80.0', 'Pass', 'Dist.', '5', '5', 'Very Good. You can do more than this'),
(19, 19, 0, '0.0', '0.0', 'Fail', 'Failed', '0', '0', 'Failed. Work hard on failed Subjects'),
(20, 20, 0, '0.0', '0.0', 'Fail', 'Failed', '0', '0', 'Failed. Work hard on failed Subjects'),
(21, 21, 0, '0.0', '0.0', 'Fail', 'Failed', '0', '0', 'Failed. Work hard on failed Subjects'),
(22, 22, 0, '0.0', '0.0', 'Fail', 'Failed', '0', '0', 'Failed. Work hard on failed Subjects'),
(23, 23, 0, '0.0', '0.0', 'Fail', 'Failed', '0', '0', 'Failed. Work hard on failed Subjects'),
(24, 24, 0, '0.0', '0.0', 'Fail', 'Failed', '0', '0', 'Failed. Work hard on failed Subjects'),
(25, 25, 0, '0.0', '0.0', 'Fail', 'Failed', '0', '0', 'Failed. Work hard on failed Subjects'),
(26, 26, 0, '0.0', '0.0', 'Fail', 'Failed', '0', '0', 'Failed. Work hard on failed Subjects'),
(609, 27, 0, '0.0', '0.0', 'Fail', 'Failed', '0', '0', 'Failed. Work hard on failed Subjects');

-- --------------------------------------------------------

--
-- Table structure for table `year_2074_grade`
--

DROP TABLE IF EXISTS `year_2074_grade`;
CREATE TABLE `year_2074_grade` (
  `Grade_id` int(11) NOT NULL,
  `Grade` varchar(20) DEFAULT 'null',
  `Section` varchar(20) DEFAULT 'null'
) ENGINE=InnoDB DEFAULT CHARSET=latin1;

--
-- Truncate table before insert `year_2074_grade`
--

TRUNCATE TABLE `year_2074_grade`;
--
-- Dumping data for table `year_2074_grade`
--

INSERT INTO `year_2074_grade` (`Grade_id`, `Grade`, `Section`) VALUES
(1, '8', 'null'),
(2, '5', 'null'),
(3, '4', 'null'),
(4, 'JKG', 'Lily'),
(5, 'JKG', 'Lotus'),
(6, '9', 'null'),
(7, 'Nursery', 'A'),
(8, 'Nursery', 'B'),
(9, '1', 'Apple'),
(10, '1', 'Orange'),
(11, '7', 'null'),
(12, '6', 'null'),
(13, 'SKG', 'Sunakhari'),
(14, 'SKG', 'Sungava'),
(15, '10', 'null'),
(16, '3', 'null'),
(17, '2', 'Banana'),
(18, '2', 'Mango');

-- --------------------------------------------------------

--
-- Table structure for table `year_2074_grading`
--

DROP TABLE IF EXISTS `year_2074_grading`;
CREATE TABLE `year_2074_grading` (
  `Per_from` varchar(30) NOT NULL,
  `Per_to` varchar(30) NOT NULL,
  `Grade_letter` varchar(30) NOT NULL,
  `Grade_point` varchar(30) NOT NULL
) ENGINE=InnoDB DEFAULT CHARSET=latin1;

--
-- Truncate table before insert `year_2074_grading`
--

TRUNCATE TABLE `year_2074_grading`;
--
-- Dumping data for table `year_2074_grading`
--

INSERT INTO `year_2074_grading` (`Per_from`, `Per_to`, `Grade_letter`, `Grade_point`) VALUES
('80', '90', 'A', '3.67'),
('90', '101', 'A+', '4.0');

-- --------------------------------------------------------

--
-- Table structure for table `year_2074_ledger`
--

DROP TABLE IF EXISTS `year_2074_ledger`;
CREATE TABLE `year_2074_ledger` (
  `Ledger_id` int(11) NOT NULL,
  `Table_name` varchar(255) NOT NULL,
  `Grade_id` int(11) NOT NULL,
  `Exam_id` int(11) NOT NULL
) ENGINE=InnoDB DEFAULT CHARSET=latin1;

--
-- Truncate table before insert `year_2074_ledger`
--

TRUNCATE TABLE `year_2074_ledger`;
--
-- Dumping data for table `year_2074_ledger`
--

INSERT INTO `year_2074_ledger` (`Ledger_id`, `Table_name`, `Grade_id`, `Exam_id`) VALUES
(1, 'year_2074_first_term_1', 1, 1);

-- --------------------------------------------------------

--
-- Table structure for table `year_2074_marks`
--

DROP TABLE IF EXISTS `year_2074_marks`;
CREATE TABLE `year_2074_marks` (
  `Marks_id` int(11) NOT NULL,
  `Subject_id` int(11) NOT NULL,
  `Subject_title` varchar(100) NOT NULL,
  `Ledger_id` int(11) NOT NULL,
  `FM` float NOT NULL,
  `PM` float NOT NULL,
  `Type` varchar(50) NOT NULL DEFAULT 'Theory'
) ENGINE=InnoDB DEFAULT CHARSET=latin1;

--
-- Truncate table before insert `year_2074_marks`
--

TRUNCATE TABLE `year_2074_marks`;
--
-- Dumping data for table `year_2074_marks`
--

INSERT INTO `year_2074_marks` (`Marks_id`, `Subject_id`, `Subject_title`, `Ledger_id`, `FM`, `PM`, `Type`) VALUES
(1, 1, 'English_th 40/100', 1, 100, 40, 'Theory');

-- --------------------------------------------------------

--
-- Table structure for table `year_2074_percentage`
--

DROP TABLE IF EXISTS `year_2074_percentage`;
CREATE TABLE `year_2074_percentage` (
  `Division` varchar(30) NOT NULL,
  `From` varchar(30) NOT NULL,
  `To` varchar(30) NOT NULL,
  `Division_name` varchar(30) NOT NULL
) ENGINE=InnoDB DEFAULT CHARSET=latin1;

--
-- Truncate table before insert `year_2074_percentage`
--

TRUNCATE TABLE `year_2074_percentage`;
--
-- Dumping data for table `year_2074_percentage`
--

INSERT INTO `year_2074_percentage` (`Division`, `From`, `To`, `Division_name`) VALUES
('Distinction ', '80', '101', 'Dist.'),
('First Division', '60', '80', 'First'),
('Second Division', '50', '60', 'Second');

-- --------------------------------------------------------

--
-- Table structure for table `year_2074_student`
--

DROP TABLE IF EXISTS `year_2074_student`;
CREATE TABLE `year_2074_student` (
  `Student_id` int(11) NOT NULL,
  `Roll` int(11) NOT NULL,
  `Name` varchar(100) NOT NULL,
  `Grade_id` int(11) DEFAULT '0',
  `Grade` varchar(20) NOT NULL,
  `Section` varchar(20) DEFAULT 'null',
  `Gender` varchar(10) NOT NULL,
  `DOB` varchar(30) DEFAULT 'null',
  `Address` varchar(200) DEFAULT NULL,
  `Phone` varchar(200) DEFAULT 'null',
  `Father_name` varchar(100) DEFAULT 'null',
  `Mother_name` varchar(100) DEFAULT 'null',
  `Guardian_name` varchar(100) DEFAULT 'null',
  `Previous_school` varchar(100) DEFAULT 'null',
  `Active` varchar(20) NOT NULL DEFAULT 'Yes'
) ENGINE=InnoDB DEFAULT CHARSET=latin1;

--
-- Truncate table before insert `year_2074_student`
--

TRUNCATE TABLE `year_2074_student`;
--
-- Dumping data for table `year_2074_student`
--

INSERT INTO `year_2074_student` (`Student_id`, `Roll`, `Name`, `Grade_id`, `Grade`, `Section`, `Gender`, `DOB`, `Address`, `Phone`, `Father_name`, `Mother_name`, `Guardian_name`, `Previous_school`, `Active`) VALUES
(1, 1, 'Sumina Neupane', 1, '8', 'null', 'Female', 'null', 'null', 'null', 'Sushil Neupane', 'null', 'Sushil Neupane', 'null', 'yes'),
(2, 2, 'Angmita Tamang', 1, '8', 'null', 'Female', 'null', 'null', 'null', 'Amrit Tamang', 'null', 'Amrit Tamang', 'null', 'yes'),
(3, 3, 'Smritee Chapagain', 1, '8', 'null', 'Female', 'null', 'null', 'null', 'Sthir Raj Chapagain', 'null', 'Sthir Raj Chapagain', 'null', 'yes'),
(4, 4, 'Geetanjali Malla Thakuri', 1, '8', 'null', 'Female', 'null', 'null', 'null', 'Krishna M Thakuri', 'null', 'Krishna M Thakuri', 'null', 'yes'),
(5, 5, 'Darpan Bastola', 1, '8', 'null', 'Male', 'null', 'null', 'null', 'Shankar Bastola', 'null', 'Shankar Bastola', 'null', 'yes'),
(6, 6, 'Indira Shrestha', 1, '8', 'null', 'Female', 'null', 'null', 'null', 'Tok Bdr Shrestha', 'null', 'Tok Bdr Shrestha', 'null', 'yes'),
(7, 7, 'Asmita Shrestha', 1, '8', 'null', 'Female', 'null', 'null', 'null', 'Rajkumar Shrestha', 'null', 'Rajkumar Shrestha', 'null', 'yes'),
(8, 8, 'Tushar Makaju', 1, '8', 'null', 'Male', 'null', 'null', 'null', 'Bishowram Makaju', 'null', 'Bishowram Makaju', 'null', 'yes'),
(9, 9, 'Saroj Rakhel Magar', 1, '8', 'null', 'Male', 'null', 'null', 'null', 'Khum Bdr. Magar', 'null', 'Khum Bdr. Magar', 'null', 'yes'),
(10, 10, 'Hausala Malla Thakuri', 1, '8', 'null', 'Female', 'null', 'null', 'null', 'Puskar M Thakuri', 'null', 'Puskar M Thakuri', 'null', 'yes'),
(11, 11, 'Rajkumar Rayamajhi', 1, '8', 'null', 'Male', 'null', 'null', 'null', 'Ram Bdr. Rayamajhi', 'null', 'Ram Bdr. Rayamajhi', 'null', 'yes'),
(12, 12, 'Ranjana Gadal', 1, '8', 'null', 'Female', 'null', 'null', 'null', 'Sitaram Gadal', 'null', 'Sitaram Gadal', 'null', 'yes'),
(13, 13, 'Subekshya Khadka', 1, '8', 'null', 'Female', 'null', 'null', 'null', 'Shyam Khadka', 'null', 'Shyam Khadka', 'null', 'yes'),
(14, 14, 'Sujit Parajuli', 1, '8', 'null', 'Male', 'null', 'null', 'null', 'Hari Bdr. Parajuli', 'null', 'Hari Bdr. Parajuli', 'null', 'yes'),
(15, 15, 'Ishan Dulal', 1, '8', 'null', 'Male', 'null', 'null', 'null', 'Rajan Dulal', 'null', 'Rajan Dulal', 'null', 'yes'),
(16, 16, 'Kushal Dahal', 1, '8', 'null', 'Male', 'null', 'null', 'null', 'Chhatra Bdr. Dahal', 'null', 'Chhatra Bdr. Dahal', 'null', 'yes'),
(17, 17, 'Ranjana Tamang', 1, '8', 'null', 'Female', 'null', 'null', 'null', 'Bharat Bdr. Tamang', 'null', 'Bharat Bdr. Tamang', 'null', 'yes'),
(18, 18, 'Rama Decha', 1, '8', 'null', 'Female', 'null', 'null', 'null', 'Ram Decha', 'null', 'Ram Decha', 'null', 'yes'),
(19, 19, 'Bijay Tamang', 1, '8', 'null', 'Male', 'null', 'null', 'null', 'Jay Bdr. Tamang', 'null', 'Jay Bdr. Tamang', 'null', 'yes'),
(20, 20, 'Subham Luitel', 1, '8', 'null', 'Male', 'null', 'null', 'null', 'Om Luitel', 'null', 'Om Luitel', 'null', 'yes'),
(21, 21, 'Sabin Shrestha', 1, '8', 'null', 'Male', 'null', 'null', 'null', 'Shyam Krishna Shrestha', 'null', 'Shyam Krishna Shrestha', 'null', 'yes'),
(22, 22, 'Sunil Gautam', 1, '8', 'null', 'Male', 'null', 'null', 'null', 'Suresh Gautam', 'null', 'Suresh Gautam', 'null', 'yes'),
(23, 23, 'Isha Thapa', 1, '8', 'null', 'Female', 'null', 'null', 'null', 'Raju Thapa', 'null', 'Raju Thapa', 'null', 'yes'),
(24, 24, 'Niruta Karki', 1, '8', 'null', 'Female', 'null', 'null', 'null', 'Rishi Karki', 'null', 'Rishi Karki', 'null', 'yes'),
(25, 25, 'Sristi Nepal', 1, '8', 'null', 'Female', 'null', 'null', 'null', 'Kul Pd. Nepal', 'null', 'Kul Pd. Nepal', 'null', 'yes'),
(26, 26, 'Bipana Karki', 1, '8', 'null', 'Female', 'null', 'null', 'null', 'Nabaraj Karki', 'null', 'Nabaraj Karki', 'null', 'yes'),
(27, 1, 'Kashak Poudel', 2, '5', 'null', 'Female', 'null', 'null', 'null', 'K,P, Poudel', 'null', 'K,P, Poudel', 'null', 'yes'),
(28, 2, 'Chandika Bati', 2, '5', 'null', 'Female', 'null', 'null', 'null', 'Suresh Bati', 'null', 'Suresh Bati', 'null', 'yes'),
(29, 3, 'Achhutam Khatri', 2, '5', 'null', 'Male', 'null', 'null', 'null', 'Madhav Khatri', 'null', 'Madhav Khatri', 'null', 'yes'),
(30, 4, 'Samita Shrestha', 2, '5', 'null', 'Female', 'null', 'null', 'null', 'Ram Kumar Shrestha', 'null', 'Ram Kumar Shrestha', 'null', 'yes'),
(31, 5, 'Bishal Rai', 2, '5', 'null', 'Male', 'null', 'null', 'null', 'Rajendra Rai', 'null', 'Rajendra Rai', 'null', 'yes'),
(32, 6, 'Diya Shrestha', 2, '5', 'null', 'Female', 'null', 'null', 'null', 'Deepak Shrestha', 'null', 'Deepak Shrestha', 'null', 'yes'),
(33, 7, 'Soniya Timsina', 2, '5', 'null', 'Female', 'null', 'null', 'null', 'Chetan Timsina', 'null', 'Chetan Timsina', 'null', 'yes'),
(34, 8, 'Prashant Moktan', 2, '5', 'null', 'Male', 'null', 'null', 'null', 'Bhim Bdr, Moktan', 'null', 'Bhim Bdr, Moktan', 'null', 'yes'),
(35, 9, 'Bijaya Badal', 2, '5', 'null', 'Female', 'null', 'null', 'null', 'Bishanu Hari Badal', 'null', 'Bishanu Hari Badal', 'null', 'yes'),
(36, 10, 'Sabu Gurung', 2, '5', 'null', 'Female', 'null', 'null', 'null', 'Satrughan Gurung', 'null', 'Satrughan Gurung', 'null', 'yes'),
(37, 11, 'Ujjwal Rijal', 2, '5', 'null', 'Male', 'null', 'null', 'null', 'Narayan Rijal', 'null', 'Narayan Rijal', 'null', 'yes'),
(38, 12, 'Sunita Lama', 2, '5', 'null', 'Female', 'null', 'null', 'null', 'Suman Lama', 'null', 'Suman Lama', 'null', 'yes'),
(39, 13, 'Sajana Mote', 2, '5', 'null', 'Female', 'null', 'null', 'null', 'Sunil Moti', 'null', 'Sunil Moti', 'null', 'yes'),
(40, 14, 'Abhishekh Ghatani', 2, '5', 'null', 'Male', 'null', 'null', 'null', 'Dinesh Ghatani', 'null', 'Dinesh Ghatani', 'null', 'yes'),
(41, 15, 'Ashim Budathoki', 2, '5', 'null', 'Male', 'null', 'null', 'null', 'Arjun Budathoki', 'null', 'Arjun Budathoki', 'null', 'yes'),
(42, 16, 'Sagar Basnet', 2, '5', 'null', 'Male', 'null', 'null', 'null', 'Purshottam Basnet', 'null', 'Purshottam Basnet', 'null', 'yes'),
(43, 17, 'Rohan Rasaili', 2, '5', 'null', 'Male', 'null', 'null', 'null', 'Rajan Rasaili', 'null', 'Rajan Rasaili', 'null', 'yes'),
(44, 18, 'Akriti Shakha', 2, '5', 'null', 'Female', 'null', 'null', 'null', 'Rameshwor Shakha', 'null', 'Rameshwor Shakha', 'null', 'yes'),
(45, 19, 'Rashmi B,C,', 2, '5', 'null', 'Female', 'null', 'null', 'null', 'Ramsharan B,C,', 'null', 'Ramsharan B,C,', 'null', 'yes'),
(46, 20, 'Satish Karki', 2, '5', 'null', 'Male', 'null', 'null', 'null', 'Tirtha Karki', 'null', 'Tirtha Karki', 'null', 'yes'),
(47, 21, 'Sujit Bhujel', 2, '5', 'null', 'Male', 'null', 'null', 'null', 'Suman Bhujel', 'null', 'Suman Bhujel', 'null', 'yes'),
(48, 22, 'Kushal Dahal', 2, '5', 'null', 'Male', 'null', 'null', 'null', 'Kumar Dahal', 'null', 'Kumar Dahal', 'null', 'yes'),
(49, 23, 'Rohit Khatri', 2, '5', 'null', 'Male', 'null', 'null', 'null', 'Raju Khatri', 'null', 'Raju Khatri', 'null', 'yes'),
(50, 24, 'Samrat Shrestha', 2, '5', 'null', 'Male', 'null', 'null', 'null', 'Saran Shrestah', 'null', 'Saran Shrestah', 'null', 'yes'),
(51, 25, 'Ashish Basnet', 2, '5', 'null', 'Male', 'null', 'null', 'null', 'Bashanta Basnet', 'null', 'Bashanta Basnet', 'null', 'yes'),
(52, 26, 'Manish Tamang', 2, '5', 'null', 'Female', 'null', 'null', 'null', 'Ramkaji Tamang', 'null', 'Ramkaji Tamang', 'null', 'yes'),
(53, 27, 'Sajan Karki', 2, '5', 'null', 'Female', 'null', 'null', 'null', 'Chetan Bikram Karki', 'null', 'Chetan Bikram Karki', 'null', 'yes'),
(54, 28, 'Paruhang Rai', 2, '5', 'null', 'Male', 'null', 'null', 'null', 'Ganga Ram Rai', 'null', 'Ganga Ram Rai', 'null', 'yes'),
(55, 29, 'Sunita Dulal', 2, '5', 'null', 'Female', 'null', 'null', 'null', 'Krishna Parsad Dulal', 'null', 'Krishna Parsad Dulal', 'null', 'yes'),
(56, 30, 'Mamata Shrestha', 2, '5', 'null', 'Female', 'null', 'null', 'null', 'Sabin Shrestha', 'null', 'Sabin Shrestha', 'null', 'yes'),
(57, 31, 'Manohar Siwakoti', 2, '5', 'null', 'Male', 'null', 'null', 'null', 'Padam Siwakoti', 'null', 'Padam Siwakoti', 'null', 'yes'),
(58, 32, 'Binita Karki', 2, '5', 'null', 'Female', 'null', 'null', 'null', 'Bishnu Karki', 'null', 'Bishnu Karki', 'null', 'yes'),
(59, 33, 'Jeevan Thapa Magar', 2, '5', 'null', 'Male', 'null', 'null', 'null', 'Narayan Thapa Magar', 'null', 'Narayan Thapa Magar', 'null', 'yes'),
(60, 34, 'Ayush K.C.', 2, '5', 'null', 'Male', 'null', 'null', 'null', 'Ganesh K.C.', 'null', 'Ganesh K.C.', 'null', 'yes'),
(61, 35, 'Joshana Poudel', 2, '5', 'null', 'Female', 'null', 'null', 'null', 'Khadka Poudel', 'null', 'Khadka Poudel', 'null', 'yes'),
(62, 36, 'Nikunj Chhetri', 2, '5', 'null', 'Male', 'null', 'null', 'null', 'Sher Bdr. Chhetri', 'null', 'Sher Bdr. Chhetri', 'null', 'yes'),
(63, 37, 'Kanchan Luitel', 2, '5', 'null', 'Female', 'null', 'null', 'null', 'Hom Nath Luitel', 'null', 'Hom Nath Luitel', 'null', 'yes'),
(64, 38, 'Arjav Upadhyay', 2, '5', 'null', 'Male', 'null', 'null', 'null', 'Sharad Pd. Upadhyaya', 'null', 'Sharad Pd. Upadhyaya', 'null', 'yes'),
(65, 39, 'Prakash Tamang', 2, '5', 'null', 'Male', 'null', 'null', 'null', 'Nimadhorj Tamang', 'null', 'Nimadhorj Tamang', 'null', 'yes'),
(66, 40, 'Krishana Shrestha', 2, '5', 'null', 'Male', 'null', 'null', 'null', 'Tok Bdr, Shrestha', 'null', 'Tok Bdr, Shrestha', 'null', 'yes'),
(67, 41, 'Mira Rakhal', 2, '5', 'null', 'Female', 'null', 'null', 'null', 'Raju Rakhal', 'null', 'Raju Rakhal', 'null', 'yes'),
(68, 42, 'Laxmi Tamang', 2, '5', 'null', 'Male', 'null', 'null', 'null', 'null', 'null', 'null', 'null', 'yes'),
(71, 1, 'Rashmi Basnet', 3, '4', 'null', 'Female', 'null', 'null', 'null', 'Ramesh Basnet', 'null', 'Ramesh Basnet', 'null', 'yes'),
(72, 2, 'Yuganta Bista', 3, '4', 'null', 'Male', 'null', 'null', 'null', 'Ramesh Bista', 'null', 'Ramesh Bista', 'null', 'yes'),
(73, 3, 'Bebisha Parajuli', 3, '4', 'null', 'Female', 'null', 'null', 'null', 'Saroj Parajuli', 'null', 'Saroj Parajuli', 'null', 'yes'),
(74, 4, 'Sabal Raj Sharma', 3, '4', 'null', 'Male', 'null', 'null', 'null', 'Sudan Sharma', 'null', 'Sudan Sharma', 'null', 'yes'),
(75, 5, 'Sayujya Bastola', 3, '4', 'null', 'Male', 'null', 'null', 'null', 'Saroj Bastola', 'null', 'Saroj Bastola', 'null', 'yes'),
(76, 6, 'Nischal Malla Thakuri', 3, '4', 'null', 'Male', 'null', 'null', 'null', 'Raja Ram M Thakuri', 'null', 'Raja Ram M Thakuri', 'null', 'yes'),
(77, 7, 'Prashna Rai', 3, '4', 'null', 'Female', 'null', 'null', 'null', 'Bichari Rai', 'null', 'Bichari Rai', 'null', 'yes'),
(78, 8, 'Sameer Shrestha', 3, '4', 'null', 'Male', 'null', 'null', 'null', 'Ram Vaji Shrestha', 'null', 'Ram Vaji Shrestha', 'null', 'yes'),
(79, 9, 'Angel Pyakurel', 3, '4', 'null', 'Female', 'null', 'null', 'null', 'Dhyrba Pyakurel', 'null', 'Dhyrba Pyakurel', 'null', 'yes'),
(80, 10, 'Saksham Bhandari', 3, '4', 'null', 'Male', 'null', 'null', 'null', 'Prem Bhandari', 'null', 'Prem Bhandari', 'null', 'yes'),
(81, 11, 'Sahara khadka', 3, '4', 'null', 'Female', 'null', 'null', 'null', 'Basinam', 'null', 'Basinam', 'null', 'yes'),
(82, 12, 'Isha Malla Thakuri', 3, '4', 'null', 'Female', 'null', 'null', 'null', 'Ishowor M Thakuri', 'null', 'Ishowor M Thakuri', 'null', 'yes'),
(83, 13, 'Priyanka Parajuli', 3, '4', 'null', 'Female', 'null', 'null', 'null', 'Mohan Parajuli', 'null', 'Mohan Parajuli', 'null', 'yes'),
(84, 14, 'Abhishekh Dahal', 3, '4', 'null', 'Male', 'null', 'null', 'null', 'Amrit Dahal', 'null', 'Amrit Dahal', 'null', 'yes'),
(85, 15, 'Karuna Raut', 3, '4', 'null', 'Female', 'null', 'null', 'null', 'Kapil Raut', 'null', 'Kapil Raut', 'null', 'yes'),
(86, 16, 'Anusha Raya', 3, '4', 'null', 'Female', 'null', 'null', 'null', 'Bal Bdr, Raya', 'null', 'Bal Bdr, Raya', 'null', 'yes'),
(87, 17, 'Salma Budathoki', 3, '4', 'null', 'Female', 'null', 'null', 'null', 'Saroj Budathoki', 'null', 'Saroj Budathoki', 'null', 'yes'),
(88, 18, 'Anjali Shrestha', 3, '4', 'null', 'Female', 'null', 'null', 'null', 'Raj Kumar Shrestha', 'null', 'Raj Kumar Shrestha', 'null', 'yes'),
(89, 19, 'Sibin Lasiwa', 3, '4', 'null', 'Male', 'null', 'null', 'null', 'Shiva Ram Lachiva', 'null', 'Shiva Ram Lachiva', 'null', 'yes'),
(90, 20, 'Abishekh Bogati', 3, '4', 'null', 'Male', 'null', 'null', 'null', 'Dil Kumar Bogati', 'null', 'Dil Kumar Bogati', 'null', 'yes'),
(91, 21, 'Sushant Ale', 3, '4', 'null', 'Male', 'null', 'null', 'null', 'Pushpa Ale', 'null', 'Pushpa Ale', 'null', 'yes'),
(92, 22, 'Salina Poudel', 3, '4', 'null', 'Female', 'null', 'null', 'null', 'Yougya Poudel', 'null', 'Yougya Poudel', 'null', 'yes'),
(93, 23, 'Pujan Deshaemaru', 3, '4', 'null', 'Female', 'null', 'null', 'null', 'Punya Ram Deshaemaru', 'null', 'Punya Ram Deshaemaru', 'null', 'yes'),
(94, 24, 'Abishekh Bhujel', 3, '4', 'null', 'Male', 'null', 'null', 'null', 'Bhakta Bhujel', 'null', 'Bhakta Bhujel', 'null', 'yes'),
(95, 25, 'Arik Parajuli', 3, '4', 'null', 'Male', 'null', 'null', 'null', 'Anil Parajuli', 'null', 'Anil Parajuli', 'null', 'yes'),
(96, 26, 'Luniva Baidhya', 3, '4', 'null', 'Female', 'null', 'null', 'null', 'Tulsi Tam Baidhya', 'null', 'Tulsi Tam Baidhya', 'null', 'yes'),
(97, 27, 'Salina Khadka', 3, '4', 'null', 'Female', 'null', 'null', 'null', 'Ram Kumar Khadka', 'null', 'Ram Kumar Khadka', 'null', 'yes'),
(98, 28, 'Binisha Poudel', 3, '4', 'null', 'Female', 'null', 'null', 'null', 'Durga Poudel', 'null', 'Durga Poudel', 'null', 'yes'),
(99, 29, 'Anu Decha', 3, '4', 'null', 'Female', 'null', 'null', 'null', 'Ram Decha', 'null', 'Ram Decha', 'null', 'yes'),
(100, 30, 'Rojika Kharbuja', 3, '4', 'null', 'Female', 'null', 'null', 'null', 'Roshan Khurbuja', 'null', 'Roshan Khurbuja', 'null', 'yes'),
(101, 31, 'Ayush Tamang', 3, '4', 'null', 'Male', 'null', 'null', 'null', 'Chandra Tamang', 'null', 'Chandra Tamang', 'null', 'yes'),
(102, 32, 'Namsam Rai', 3, '4', 'null', 'Male', 'null', 'null', 'null', 'Milan Rai', 'null', 'Milan Rai', 'null', 'yes'),
(103, 33, 'Bibek Kafle', 3, '4', 'null', 'Male', 'null', 'null', 'null', 'Baikunta Kafle', 'null', 'Baikunta Kafle', 'null', 'yes'),
(104, 34, 'Ishwor Shrestha', 3, '4', 'null', 'Male', 'null', 'null', 'null', 'Kumar Shrestha', 'null', 'Kumar Shrestha', 'null', 'yes'),
(105, 35, 'Raj Baidhya', 3, '4', 'null', 'Male', 'null', 'null', 'null', 'Laxman Baidhya', 'null', 'Laxman Baidhya', 'null', 'yes'),
(106, 36, 'Kritika Khyaju', 3, '4', 'null', 'Female', 'null', 'null', 'null', 'Bhai Krishana Khyaju', 'null', 'Bhai Krishana Khyaju', 'null', 'yes'),
(107, 37, 'Sumi Shrestha', 3, '4', 'null', 'Female', 'null', 'null', 'null', 'Bam Shrestha', 'null', 'Bam Shrestha', 'null', 'yes'),
(108, 38, 'Yojan Khadka', 3, '4', 'null', 'Male', 'null', 'null', 'null', 'Dhurba Khadka', 'null', 'Dhurba Khadka', 'null', 'yes'),
(109, 39, 'Prapti Dahal', 3, '4', 'null', 'Male', 'null', 'null', 'null', 'Bidur Dahal', 'null', 'Bidur Dahal', 'null', 'yes'),
(110, 40, 'Sandhya Thimi', 3, '4', 'null', 'Female', 'null', 'null', 'null', 'Govinda Thimi', 'null', 'Govinda Thimi', 'null', 'yes'),
(111, 41, 'Aayusha Pokhrel', 3, '4', 'null', 'Female', 'null', 'null', 'null', 'Dipak Pokhtel', 'null', 'Dipak Pokhtel', 'null', 'yes'),
(112, 42, 'Ishika Thapa', 3, '4', 'null', 'Female', 'null', 'null', 'null', 'Raju Thapa', 'null', 'Raju Thapa', 'null', 'yes'),
(113, 43, 'Mohit Diyali', 3, '4', 'null', 'Male', 'null', 'null', 'null', 'Madan Dyali', 'null', 'Madan Dyali', 'null', 'yes'),
(114, 44, 'Prasiddha Pokhrel', 3, '4', 'null', 'Male', 'null', 'null', 'null', 'Sanjaya Pokhrel', 'null', 'Sanjaya Pokhrel', 'null', 'yes'),
(115, 45, 'Kritisha Pokhrel', 4, '4', 'null', 'Female', 'null', 'null', 'null', 'null', 'null', 'null', 'null', 'yes'),
(116, 46, 'Bibash Budhathoki', 4, '4', 'null', 'Male', 'null', 'null', 'null', 'null', 'null', 'null', 'null', 'yes'),
(117, 1, 'Abhirub Pyakurel', 4, 'JKG', 'Lily', 'Male', 'null', 'null', 'null', 'Basu Dev Pyakurel', 'null', 'Basu Dev Pyakurel', 'null', 'yes'),
(118, 2, 'Siddhant Moktan', 4, 'JKG', 'Lily', 'Male', 'null', 'null', 'null', 'null', 'null', 'null', 'null', 'yes'),
(119, 3, 'Aayu Poudel', 4, 'JKG', 'Lily', 'Male', 'null', 'null', 'null', 'K.P. Poudel', 'null', 'K.P. Poudel', 'null', 'yes'),
(120, 4, 'Sugam Gautam', 4, 'JKG', 'Lily', 'Male', 'null', 'null', 'null', 'Sudip Gautam', 'null', 'Sudip Gautam', 'null', 'yes'),
(121, 5, 'Prabhik Poudel', 4, 'JKG', 'Lily', 'Male', 'null', 'null', 'null', 'Nabin Poudel', 'null', 'Nabin Poudel', 'null', 'yes'),
(122, 6, 'Swornim Thokar', 4, 'JKG', 'Lily', 'Male', 'null', 'null', 'null', 'Asaman Thokar', 'null', 'Asaman Thokar', 'null', 'yes'),
(123, 7, 'Sampanna Thokar', 4, 'JKG', 'Lily', 'Male', 'null', 'null', 'null', 'Asaman Thokar', 'null', 'Asaman Thokar', 'null', 'yes'),
(124, 8, 'Supreme Dotel', 4, 'JKG', 'Lily', 'Male', 'null', 'null', 'null', 'null', 'null', 'null', 'null', 'yes'),
(125, 9, 'Chahana Moktan', 4, 'JKG', 'Lily', 'Female', 'null', 'null', 'null', 'Surya Moktan', 'null', 'Surya Moktan', 'null', 'yes'),
(126, 10, 'Dawa Lama', 4, 'JKG', 'Lily', 'Male', 'null', 'null', 'null', 'Thepchen', 'null', 'Thepchen', 'null', 'yes'),
(127, 11, 'Kanchan Shrestha', 4, 'JKG', 'Lily', 'Male', 'null', 'null', 'null', 'Midas Shrestha', 'null', 'Midas Shrestha', 'null', 'yes'),
(128, 12, 'Aditaya Bhujel', 4, 'JKG', 'Lily', 'Male', 'null', 'null', 'null', 'Motitam Bhujel', 'null', 'Motitam Bhujel', 'null', 'yes'),
(129, 13, 'Meghana Gopali', 4, 'JKG', 'Lily', 'Female', 'null', 'null', 'null', 'Mimdal Gopali', 'null', 'Mimdal Gopali', 'null', 'yes'),
(130, 14, 'Usha Rijal', 4, 'JKG', 'Lily', 'Male', 'null', 'null', 'null', 'Narayan Rijal', 'null', 'Narayan Rijal', 'null', 'yes'),
(131, 15, 'Rohit Shrestha', 4, 'JKG', 'Lily', 'Male', 'null', 'null', 'null', 'Shyam Shrestha', 'null', 'Shyam Shrestha', 'null', 'yes'),
(132, 16, 'Sukrit Achharya', 4, 'JKG', 'Lily', 'Male', 'null', 'null', 'null', 'Dipak Achharya', 'null', 'Dipak Achharya', 'null', 'yes'),
(133, 17, 'Ritika Shrestha', 4, 'JKG', 'Lily', 'Female', 'null', 'null', 'null', 'null', 'null', 'null', 'null', 'yes'),
(134, 18, 'Rohit Thapa', 4, 'JKG', 'Lily', 'Male', 'null', 'null', 'null', 'Mohan Thapa', 'null', 'Mohan Thapa', 'null', 'yes'),
(135, 19, 'Siddhant Khyaju', 4, 'JKG', 'Lily', 'Male', 'null', 'null', 'null', 'Sadhu Khyaju', 'null', 'Sadhu Khyaju', 'null', 'yes'),
(136, 20, 'Janu Manadhar', 4, 'JKG', 'Lily', 'Female', 'null', 'null', 'null', 'Anil Manandher', 'null', 'Anil Manandher', 'null', 'yes'),
(137, 21, 'Stuti Chapagain', 4, 'JKG', 'Lily', 'Female', 'null', 'null', 'null', 'Sthir Raj Chapagain', 'null', 'Sthir Raj Chapagain', 'null', 'yes'),
(138, 22, 'Baishnavi Bajgain', 4, 'JKG', 'Lily', 'Female', 'null', 'null', 'null', 'null', 'null', 'null', 'null', 'yes'),
(139, 23, 'Success Khadka', 4, 'JKG', 'Lily', 'Male', 'null', 'null', 'null', 'Basinam Khadka', 'null', 'Basinam Khadka', 'null', 'yes'),
(140, 24, 'Prabin Magar', 4, 'JKG', 'Lily', 'Male', 'null', 'null', 'null', 'Prakash Magar', 'null', 'Prakash Magar', 'null', 'yes'),
(141, 25, 'Mayank Khrbuja', 4, 'JKG', 'Lily', 'Male', 'null', 'null', 'null', 'Krishan', 'null', 'Krishan', 'null', 'yes'),
(142, 26, 'Prasamsa Shrestha', 4, 'JKG', 'Lily', 'Female', 'null', 'null', 'null', 'null', 'null', 'null', 'null', 'yes'),
(143, 27, 'Sanju Shrestha', 4, 'JKG', 'Lily', 'Female', 'null', 'null', 'null', 'null', 'null', 'null', 'null', 'yes'),
(144, 28, 'April Naupane', 4, 'JKG', 'Lily', 'Male', 'null', 'null', 'null', 'null', 'null', 'null', 'null', 'yes'),
(145, 29, 'Rewan Tamang', 4, 'JKG', 'Lily', 'Male', 'null', 'null', 'null', 'null', 'null', 'null', 'null', 'yes'),
(146, 30, 'Saujanya Suwal', 4, 'JKG', 'Lily', 'Female', 'null', 'null', 'null', 'Krishan Suwal', 'null', 'Krishan Suwal', 'null', 'yes'),
(147, 1, 'Rukrita Karki', 5, 'JKG', 'Lotus', 'Female', 'null', 'null', 'null', 'Krishna Karki', 'null', 'Krishna Karki', 'null', 'yes'),
(148, 2, 'Biswash Poudel', 5, 'JKG', 'Lotus', 'Male', 'null', 'null', 'null', 'Durga Poudel', 'null', 'Durga Poudel', 'null', 'yes'),
(149, 3, 'Anjan Kafle', 5, 'JKG', 'Lotus', 'Male', 'null', 'null', 'null', 'Baikuntha Kafle', 'null', 'Baikuntha Kafle', 'null', 'yes'),
(150, 4, 'Yojita Khadka', 5, 'JKG', 'Lotus', 'Female', 'null', 'null', 'null', 'Dhurba Khadka', 'null', 'Dhurba Khadka', 'null', 'yes'),
(151, 5, 'Sumi Sulu', 5, 'JKG', 'Lotus', 'Female', 'null', 'null', 'null', 'Subash Sulu', 'null', 'Subash Sulu', 'null', 'yes'),
(152, 6, 'Roshan Rasaili', 5, 'JKG', 'Lotus', 'Male', 'null', 'null', 'null', 'Rajnan Rasaili', 'null', 'Rajnan Rasaili', 'null', 'yes'),
(153, 7, 'Mandip Thapa', 5, 'JKG', 'Lotus', 'Male', 'null', 'null', 'null', 'Manoj Thapa', 'null', 'Manoj Thapa', 'null', 'yes'),
(154, 8, 'Sushil Tamang', 5, 'JKG', 'Lotus', 'Male', 'null', 'null', 'null', 'Bal Krishan Thapa', 'null', 'Bal Krishan Thapa', 'null', 'yes'),
(155, 9, 'Prakash Poudel', 5, 'JKG', 'Lotus', 'Male', 'null', 'null', 'null', 'Bal Kuamar Poudel', 'null', 'Bal Kuamar Poudel', 'null', 'yes'),
(156, 10, 'Uniska Naupane', 5, 'JKG', 'Lotus', 'Female', 'null', 'null', 'null', 'Prabhakar Naupane', 'null', 'Prabhakar Naupane', 'null', 'yes'),
(157, 11, 'Sita Tamang', 5, 'JKG', 'Lotus', 'Female', 'null', 'null', 'null', 'Kumar Tamang', 'null', 'Kumar Tamang', 'null', 'yes'),
(158, 12, 'Sukriti Aacharaya', 5, 'JKG', 'Lotus', 'Female', 'null', 'null', 'null', 'Dev Aacharaya', 'null', 'Dev Aacharaya', 'null', 'yes'),
(159, 13, 'Insira Rai', 5, 'JKG', 'Lotus', 'Female', 'null', 'null', 'null', 'Lokendra', 'null', 'Lokendra', 'null', 'yes'),
(160, 14, 'Sushant Dotel', 5, 'JKG', 'Lotus', 'Female', 'null', 'null', 'null', 'null', 'Sinamala Dotel', 'null', 'null', 'yes'),
(161, 15, 'Risarch Dotel', 5, 'JKG', 'Lotus', 'Male', 'null', 'null', 'null', 'Pan Saran Dotel', 'Sinamala Dotel', 'Pan Saran Dotel', 'null', 'yes'),
(162, 16, 'Swostika Pradhan', 5, 'JKG', 'Lotus', 'Female', 'null', 'null', 'null', 'null', 'Sinamala Dotel', 'null', 'null', 'yes'),
(163, 17, 'Ankita Dahal', 5, 'JKG', 'Lotus', 'Female', 'null', 'null', 'null', 'null', 'Sinamala Dotel', 'null', 'null', 'yes'),
(164, 18, 'Aayush Mote', 5, 'JKG', 'Lotus', 'Male', 'null', 'null', 'null', 'Sunil Mote', 'Sinamala Dotel', 'Sunil Mote', 'null', 'yes'),
(165, 19, 'Siroun Shrestha', 5, 'JKG', 'Lotus', 'Female', 'null', 'null', 'null', 'Bishal Shrestha', 'Sinamala Dotel', 'Bishal Shrestha', 'null', 'yes'),
(166, 20, 'Samir Gautam', 5, 'JKG', 'Lotus', 'Male', 'null', 'null', 'null', 'Keshab Gautam', 'Sinamala Dotel', 'Keshab Gautam', 'null', 'yes'),
(167, 21, 'Indra Udas', 5, 'JKG', 'Lotus', 'Male', 'null', 'null', 'null', 'Bishnu Udas', 'Sinamala Dotel', 'Bishnu Udas', 'null', 'yes'),
(168, 22, 'Rejich Karki', 5, 'JKG', 'Lotus', 'Male', 'null', 'null', 'null', 'null', 'Chandra Kala Karki', 'null', 'null', 'yes'),
(169, 23, 'Saru Bhandari', 5, 'JKG', 'Lotus', 'Female', 'null', 'null', 'null', 'null', 'null', 'null', 'null', 'yes'),
(170, 24, 'Roshani Bhujel', 5, 'JKG', 'Lotus', 'Female', 'null', 'null', 'null', 'null', 'null', 'null', 'null', 'yes'),
(171, 25, 'Prince Rai', 5, 'JKG', 'Lotus', 'Male', 'null', 'null', 'null', 'null', 'null', 'null', 'null', 'yes'),
(172, 26, 'Abisha Tamang', 5, 'JKG', 'Lotus', 'Female', 'null', 'null', 'null', 'null', 'Pari Tamang', 'null', 'null', 'yes'),
(173, 27, 'Darshana Poudel', 5, 'JKG', 'Lotus', 'Female', 'null', 'null', 'null', 'null', 'null', 'null', 'null', 'yes'),
(174, 28, 'Saru Tamang', 5, 'JKG', 'Lotus', 'Female', 'null', 'null', 'null', 'Saroj Tamnag', 'null', 'Saroj Tamnag', 'null', 'yes'),
(175, 29, 'Unika G.C.', 5, 'JKG', 'Lotus', 'Female', 'null', 'null', 'null', 'Bishal G.C.', 'null', 'Bishal G.C.', 'null', 'yes'),
(176, 30, 'Sapana Magar', 5, 'JKG', 'Lotus', 'Female', 'null', 'null', 'null', 'null', 'Susmita Magar', 'null', 'null', 'yes'),
(177, 31, 'Eshika Shrestha', 6, 'JKG', 'Lotus', 'Female', 'null', 'null', 'null', 'null', 'null', 'null', 'null', 'yes'),
(178, 32, 'Denisha Dhungana', 6, 'JKG', 'Lotus', 'Female', 'null', 'null', 'null', 'null', 'null', 'null', 'null', 'yes'),
(179, 1, 'Suranjan Malla Thakuri', 6, '9', 'null', 'Male', 'null', 'null', 'null', 'Niranjan M Thakuri', 'null', 'Niranjan M Thakuri', 'null', 'yes'),
(180, 2, 'Jyoti Karki', 6, '9', 'null', 'Female', 'null', 'null', 'null', 'Prabhy Karki', 'null', 'Prabhy Karki', 'null', 'yes'),
(181, 3, 'Shiva Raj Lama', 6, '9', 'null', 'Male', 'null', 'null', 'null', 'Rajesh Lama', 'null', 'Rajesh Lama', 'null', 'yes'),
(182, 4, 'Aashish Sardar', 6, '9', 'null', 'Male', 'null', 'null', 'null', 'Shrawan Sardar', 'null', 'Shrawan Sardar', 'null', 'yes'),
(183, 5, 'Any Rai', 6, '9', 'null', 'Female', 'null', 'null', 'null', 'Kalu Thapa Magar', 'null', 'Kalu Thapa Magar', 'null', 'yes'),
(184, 6, 'Shoita Thapa Magar', 6, '9', 'null', 'Female', 'null', 'null', 'null', 'kalu thapa magar', 'null', 'kalu thapa magar', 'null', 'yes'),
(185, 7, 'Swostika Karki', 6, '9', 'null', 'Female', 'null', 'null', 'null', 'chetan bikram karki', 'null', 'chetan bikram karki', 'null', 'yes'),
(186, 8, 'Salina Lama', 6, '9', 'null', 'Male', 'null', 'null', 'null', 'saha dev lama', 'null', 'saha dev lama', 'null', 'yes'),
(187, 9, 'Ukesh Khadka', 6, '9', 'null', 'Male', 'null', 'null', 'null', 'ram kumar khadka', 'null', 'ram kumar khadka', 'null', 'yes'),
(188, 10, 'Rohit Gautam', 6, '9', 'null', 'Female', 'null', 'null', 'null', 'ram pd. gautam', 'null', 'ram pd. gautam', 'null', 'yes'),
(189, 11, 'Puspa Dahal', 6, '9', 'null', 'Female', 'null', 'null', 'null', 'chhatra pd. dahal', 'null', 'chhatra pd. dahal', 'null', 'yes'),
(190, 12, 'Alisha Dhakal', 6, '9', 'null', 'Female', 'null', 'null', 'null', 'shiva ram dhakal', 'null', 'shiva ram dhakal', 'null', 'yes'),
(191, 13, 'Sakshi Shaha', 6, '9', 'null', 'Male', 'null', 'null', 'null', 'dilip k. shaha', 'null', 'dilip k. shaha', 'null', 'yes'),
(192, 14, 'Nischal Poudel', 6, '9', 'null', 'Female', 'null', 'null', 'null', 'khem poudel', 'null', 'khem poudel', 'null', 'yes'),
(193, 15, 'Aayushma Rana', 6, '9', 'null', 'Female', 'null', 'null', 'null', 'sachin rana', 'null', 'sachin rana', 'null', 'yes'),
(194, 16, 'Sujana Khadka', 6, '9', 'null', 'Male', 'null', 'null', 'null', 'navaraj khadka', 'null', 'navaraj khadka', 'null', 'yes'),
(195, 17, 'Diwash Nembang', 6, '9', 'null', 'Female', 'null', 'null', 'null', 'bijaya nembang', 'null', 'bijaya nembang', 'null', 'yes'),
(196, 18, 'Swostika Shrestha', 6, '9', 'null', 'Female', 'null', 'null', 'null', 'tek bd. shrestha', 'null', 'tek bd. shrestha', 'null', 'yes'),
(197, 19, 'Nilisha Khatri', 6, '9', 'null', 'Male', 'null', 'null', 'null', 'dhan bdr. khatri', 'null', 'dhan bdr. khatri', 'null', 'yes'),
(198, 20, 'Gunjana Bastola', 6, '9', 'null', 'Male', 'null', 'null', 'null', 'shankhar pd. bastola', 'null', 'shankhar pd. bastola', 'null', 'yes'),
(199, 21, 'Min Bdr. Basnet', 6, '9', 'null', 'Male', 'null', 'null', 'null', 'null', 'null', 'null', 'null', 'yes'),
(200, 22, 'Shisir Dulal', 6, '9', 'null', 'Male', 'null', 'null', 'null', 'krishna dulal', 'null', 'krishna dulal', 'null', 'yes'),
(201, 23, 'Dil Kumar shrestha', 6, '9', 'null', 'Male', 'null', 'null', 'null', 'kumar shrestha', 'null', 'kumar shrestha', 'null', 'yes'),
(202, 24, 'Khipesh Khyaju', 6, '9', 'null', 'Female', 'null', 'null', 'null', 'bhai krishna khyaju', 'null', 'bhai krishna khyaju', 'null', 'yes'),
(203, 25, 'Bibek Rai', 6, '9', 'null', 'Female', 'null', 'null', 'null', 'rajesh rai', 'null', 'rajesh rai', 'null', 'yes'),
(204, 26, 'Sumi Shrestha', 6, '9', 'null', 'Male', 'null', 'null', 'null', 'sitaram shrestha', 'null', 'sitaram shrestha', 'null', 'yes'),
(205, 27, 'Kusum Dahal', 6, '9', 'null', 'Female', 'null', 'null', 'null', 'kumar dahal', 'null', 'kumar dahal', 'null', 'yes'),
(206, 28, 'Nayan Basnet', 6, '9', 'null', 'Male', 'null', 'null', 'null', 'navaraj basnet', 'null', 'navaraj basnet', 'null', 'yes'),
(207, 29, 'Dil maya Shrestha', 6, '9', 'null', 'Female', 'null', 'null', 'null', 'null', 'null', 'null', 'null', 'yes'),
(208, 30, 'Pranish Mahat', 6, '9', 'null', 'Male', 'null', 'null', 'null', 'kabiram mahat', 'null', 'kabiram mahat', 'null', 'yes'),
(209, 31, 'Nisha Bhattarai', 6, '9', 'null', 'Male', 'null', 'null', 'null', 'tulsi bhakta bhattari', 'null', 'tulsi bhakta bhattari', 'null', 'yes'),
(210, 32, 'Prajwol Thapa', 6, '9', 'null', 'Female', 'null', 'null', 'null', 'dashrath thapa', 'null', 'dashrath thapa', 'null', 'yes'),
(211, 33, 'Shahil Bati', 6, '9', 'null', 'Male', 'null', 'null', 'null', 'shanti bhakta bati', 'null', 'shanti bhakta bati', 'null', 'yes'),
(212, 34, 'Sapana Mudbari', 7, '9', 'null', 'Female', 'null', 'null', 'null', 'Janak Mundauri', 'null', 'Janak Mundauri', 'null', 'yes'),
(213, 35, 'Sakshyam Adhikari', 7, '9', 'null', 'Male', 'null', 'null', 'null', 'Ramkrishna Adhikari', 'null', 'Ramkrishna Adhikari', 'null', 'yes'),
(214, 1, 'Sworup Tamang', 7, 'Nursery', 'A', 'Male', 'null', 'null', 'null', 'Pari Tamang', 'null', 'Pari Tamang', 'null', 'yes'),
(215, 2, 'Sabin Shrestha', 7, 'Nursery', 'A', 'Male', 'null', 'null', 'null', 'Shyam Kaji Shrestha', 'null', 'Shyam Kaji Shrestha', 'null', 'yes'),
(216, 3, 'Sujata Aale', 7, 'Nursery', 'A', 'Female', 'null', 'null', 'null', 'Kamala', 'null', 'Kamala', 'null', 'yes'),
(217, 4, 'Rishan Suwal', 7, 'Nursery', 'A', 'Male', 'null', 'null', 'null', 'Ram', 'null', 'Ram', 'null', 'yes'),
(218, 5, 'Kristina Gubaju', 7, 'Nursery', 'A', 'Female', 'null', 'null', 'null', 'Sunita', 'null', 'Sunita', 'null', 'yes'),
(219, 6, 'Aditya Prasad Pahadi', 7, 'Nursery', 'A', 'Male', 'null', 'null', 'null', 'Tulsi Ram', 'null', 'Tulsi Ram', 'null', 'yes'),
(220, 7, 'Prakriti Thapa Magar', 7, 'Nursery', 'A', 'Female', 'null', 'null', 'null', 'null', 'null', 'null', 'null', 'yes'),
(221, 8, 'Nisma Budathoki', 7, 'Nursery', 'A', 'Female', 'null', 'null', 'null', 'null', 'null', 'null', 'null', 'yes'),
(222, 9, 'Rahul Chandra Gautam', 7, 'Nursery', 'A', 'Male', 'null', 'null', 'null', 'Mahesh Chandra Gautam', 'null', 'Mahesh Chandra Gautam', 'null', 'yes'),
(223, 10, 'Drashan Mainali', 7, 'Nursery', 'A', 'Male', 'null', 'null', 'null', 'Dinesh Mainai', 'null', 'Dinesh Mainai', 'null', 'yes'),
(224, 11, 'Roshan Rai', 7, 'Nursery', 'A', 'Male', 'null', 'null', 'null', 'null', 'null', 'null', 'null', 'yes'),
(225, 12, 'Misika Khadka', 7, 'Nursery', 'A', 'Female', 'null', 'null', 'null', 'null', 'null', 'null', 'null', 'yes'),
(226, 13, 'Sajal Thapa', 7, 'Nursery', 'A', 'Male', 'null', 'null', 'null', 'null', 'null', 'null', 'null', 'yes'),
(227, 14, 'Kushal Thapa', 7, 'Nursery', 'A', 'Male', 'null', 'null', 'null', 'null', 'null', 'null', 'null', 'yes'),
(228, 15, 'Baidik Dhakal', 7, 'Nursery', 'A', 'Male', 'null', 'null', 'null', 'null', 'null', 'null', 'null', 'yes'),
(229, 16, 'Simran Rai', 7, 'Nursery', 'A', 'Female', 'null', 'null', 'null', 'null', 'null', 'null', 'null', 'yes'),
(230, 17, 'Evaan Thapa Magar', 7, 'Nursery', 'A', 'Male', 'null', 'null', 'null', 'Bikash Thapa Magar', 'null', 'Bikash Thapa Magar', 'null', 'yes'),
(231, 18, 'Paull Sunuwar', 7, 'Nursery', 'A', 'Male', 'null', 'null', 'null', 'Suphil Sunuwar', 'null', 'Suphil Sunuwar', 'null', 'yes'),
(232, 19, 'Atit Rai', 7, 'Nursery', 'A', 'Female', 'null', 'null', 'null', 'null', 'null', 'null', 'null', 'yes'),
(233, 20, 'Nimesh Thapa', 7, 'Nursery', 'A', 'Male', 'null', 'null', 'null', 'Chandra Bahadur Thapa', 'null', 'Chandra Bahadur Thapa', 'null', 'yes'),
(234, 21, 'Samarthan Ghimire', 7, 'Nursery', 'A', 'Male', 'null', 'null', 'null', 'null', 'null', 'null', 'null', 'yes'),
(235, 22, 'Anamol Tamang', 7, 'Nursery', 'A', 'Male', 'null', 'null', 'null', 'Shanta Bahadur Tamang', 'null', 'Shanta Bahadur Tamang', 'null', 'yes'),
(236, 23, 'Gungana Tamang', 7, 'Nursery', 'A', 'Female', 'null', 'null', 'null', 'null', 'null', 'null', 'null', 'yes'),
(237, 24, 'Sujal Dhungel', 7, 'Nursery', 'A', 'Male', 'null', 'null', 'null', 'Tej Kumar', 'null', 'Tej Kumar', 'null', 'yes'),
(238, 25, 'Basan Bashnet', 7, 'Nursery', 'A', 'Male', 'null', 'null', 'null', 'null', 'null', 'null', 'null', 'yes'),
(239, 26, 'Pranit Ghimire', 7, 'Nursery', 'A', 'Male', 'null', 'null', 'null', 'null', 'null', 'null', 'null', 'yes'),
(240, 27, 'Udishya Shrestha', 7, 'Nursery', 'A', 'Female', 'null', 'null', 'null', 'Dipendra', 'null', 'Dipendra', 'null', 'yes'),
(241, 28, 'Apeshan Thapa', 7, 'Nursery', 'A', 'Male', 'null', 'null', 'null', 'Kumar Thapa', 'null', 'Kumar Thapa', 'null', 'yes'),
(242, 29, 'Bunu Khatri', 7, 'Nursery', 'A', 'Female', 'null', 'null', 'null', 'null', 'null', 'null', 'null', 'yes'),
(243, 30, 'Sujan Waiba', 7, 'Nursery', 'A', 'Male', 'null', 'null', 'null', 'Sagar Waiba', 'null', 'Sagar Waiba', 'null', 'yes'),
(244, 31, 'Manita Sapkota', 7, 'Nursery', 'A', 'Female', 'null', 'null', 'null', 'null', 'null', 'null', 'null', 'yes'),
(245, 32, 'Prasiddhi Aryal', 7, 'Nursery', 'A', 'Female', 'null', 'null', 'null', 'Sandeep Arjel', 'null', 'Sandeep Arjel', 'null', 'yes'),
(246, 33, 'Binod Decha', 7, 'Nursery', 'A', 'Male', 'null', 'null', 'null', 'Shyam Decha', 'null', 'Shyam Decha', 'null', 'yes'),
(247, 34, 'Dilip Thapa', 7, 'Nursery', 'A', 'Male', 'null', 'null', 'null', 'null', 'null', 'null', 'null', 'yes'),
(248, 35, 'Sabin Gole', 7, 'Nursery', 'A', 'Male', 'null', 'null', 'null', 'null', 'null', 'null', 'null', 'yes'),
(249, 36, 'Sajal Basnet', 7, 'Nursery', 'A', 'Male', 'null', 'null', 'null', 'null', 'null', 'null', 'null', 'yes'),
(250, 37, 'Mani Raj Basnet', 8, 'Nursery', 'A', 'Male', 'null', 'null', 'null', 'null', 'null', 'null', 'null', 'yes'),
(251, 38, 'Krishal Shah', 8, 'Nursery', 'A', 'Male', 'null', 'null', 'null', 'null', 'null', 'null', 'null', 'yes'),
(252, 1, 'Ashok Tamang', 8, 'Nursery', 'B', 'Male', 'null', 'null', 'null', 'Saroj Tamang', 'null', 'Saroj Tamang', 'null', 'yes'),
(253, 2, 'Sugam Shrestha', 8, 'Nursery', 'B', 'Male', 'null', 'null', 'null', 'null', 'null', 'null', 'null', 'yes'),
(254, 3, 'Unique Gharti', 8, 'Nursery', 'B', 'Male', 'null', 'null', 'null', 'Prabesh Gharti', 'null', 'Prabesh Gharti', 'null', 'yes'),
(255, 4, 'Rashmi Thakuri', 8, 'Nursery', 'B', 'Female', 'null', 'null', 'null', 'Rinku', 'null', 'Rinku', 'null', 'yes'),
(256, 5, 'Smriti Karki', 8, 'Nursery', 'B', 'Female', 'null', 'null', 'null', 'null', 'null', 'null', 'null', 'yes'),
(257, 6, 'Legina Budathoki', 8, 'Nursery', 'B', 'Female', 'null', 'null', 'null', 'null', 'null', 'null', 'null', 'yes'),
(258, 7, 'Sarin Basnet', 8, 'Nursery', 'B', 'Male', 'null', 'null', 'null', 'Ganesh Adhikari', 'null', 'Ganesh Adhikari', 'null', 'yes'),
(259, 8, 'Siwan Shrestha', 8, 'Nursery', 'B', 'Male', 'null', 'null', 'null', 'Chandra Shrestha', 'null', 'Chandra Shrestha', 'null', 'yes'),
(260, 9, 'Prashant Tamang', 8, 'Nursery', 'B', 'Male', 'null', 'null', 'null', 'Roshan', 'null', 'Roshan', 'null', 'yes'),
(261, 10, 'Aayushma Shrestha', 8, 'Nursery', 'B', 'Female', 'null', 'null', 'null', 'null', 'null', 'null', 'null', 'yes'),
(262, 11, 'Karuna Rana', 8, 'Nursery', 'B', 'Female', 'null', 'null', 'null', 'null', 'null', 'null', 'null', 'yes'),
(263, 12, 'Angel Giri', 8, 'Nursery', 'B', 'Female', 'null', 'null', 'null', 'null', 'null', 'null', 'null', 'yes'),
(264, 13, 'Rashbin Malla', 8, 'Nursery', 'B', 'Male', 'null', 'null', 'null', 'Rajendra Malla', 'null', 'Rajendra Malla', 'null', 'yes'),
(265, 14, 'Rukrit Karki', 8, 'Nursery', 'B', 'Male', 'null', 'null', 'null', 'Krishan Karki', 'null', 'Krishan Karki', 'null', 'yes'),
(266, 15, 'Praticha Majhi', 8, 'Nursery', 'B', 'Male', 'null', 'null', 'null', 'null', 'null', 'null', 'null', 'yes'),
(267, 16, 'Mandip Sunuwar', 8, 'Nursery', 'B', 'Male', 'null', 'null', 'null', 'null', 'null', 'null', 'null', 'yes'),
(268, 17, 'Election Suwal', 8, 'Nursery', 'B', 'Male', 'null', 'null', 'null', 'null', 'null', 'null', 'null', 'yes'),
(269, 18, 'Rohit Shrestha', 8, 'Nursery', 'B', 'Male', 'null', 'null', 'null', 'null', 'null', 'null', 'null', 'yes'),
(270, 19, 'Prajan Lama', 8, 'Nursery', 'B', 'Male', 'null', 'null', 'null', 'null', 'null', 'null', 'null', 'yes'),
(271, 20, 'Smyam Malla', 8, 'Nursery', 'B', 'Male', 'null', 'null', 'null', 'Shrawan Malla', 'null', 'Shrawan Malla', 'null', 'yes'),
(272, 21, 'Aaradhya Silpakar', 8, 'Nursery', 'B', 'Female', 'null', 'null', 'null', 'null', 'null', 'null', 'null', 'yes'),
(273, 22, 'Aarav Shreshta', 8, 'Nursery', 'B', 'Female', 'null', 'null', 'null', 'null', 'null', 'null', 'null', 'yes'),
(274, 23, 'Anmol Giri', 8, 'Nursery', 'B', 'Male', 'null', 'null', 'null', 'Kul Raj Giri', 'null', 'Kul Raj Giri', 'null', 'yes'),
(275, 24, 'Shrjesh Bhandari', 8, 'Nursery', 'B', 'Male', 'null', 'null', 'null', 'Nirpesh Bhandari', 'null', 'Nirpesh Bhandari', 'null', 'yes'),
(276, 25, 'Nursad Safi', 8, 'Nursery', 'B', 'Male', 'null', 'null', 'null', 'null', 'null', 'null', 'null', 'yes'),
(277, 26, 'Sanjana Tamang', 8, 'Nursery', 'B', 'Female', 'null', 'null', 'null', 'null', 'null', 'null', 'null', 'yes'),
(278, 27, 'Durga Gurung', 8, 'Nursery', 'B', 'Female', 'null', 'null', 'null', 'null', 'null', 'null', 'null', 'yes'),
(279, 28, 'Anushka Karki', 8, 'Nursery', 'B', 'Female', 'null', 'null', 'null', 'null', 'null', 'null', 'null', 'yes'),
(280, 29, 'Selina Shivani Sharma', 8, 'Nursery', 'B', 'Female', 'null', 'null', 'null', 'null', 'null', 'null', 'null', 'yes'),
(281, 30, 'Ishant Chaudhary', 8, 'Nursery', 'B', 'Male', 'null', 'null', 'null', 'Dharman Chaudhary', 'null', 'Dharman Chaudhary', 'null', 'yes'),
(282, 31, 'Aarohi Shakya', 8, 'Nursery', 'B', 'Female', 'null', 'null', 'null', 'null', 'null', 'null', 'null', 'yes'),
(283, 32, 'Srishti Tamang', 8, 'Nursery', 'B', 'Female', 'null', 'null', 'null', 'Jay Bahadur Tamang', 'null', 'Jay Bahadur Tamang', 'null', 'yes'),
(284, 33, 'Susmita Tamang', 8, 'Nursery', 'B', 'Female', 'null', 'null', 'null', 'null', 'null', 'null', 'null', 'yes'),
(285, 34, 'Hanchha Rai', 8, 'Nursery', 'B', 'Female', 'null', 'null', 'null', 'null', 'null', 'null', 'null', 'yes'),
(286, 35, 'Sury Lama', 8, 'Nursery', 'B', 'Male', 'null', 'null', 'null', 'null', 'null', 'null', 'null', 'yes'),
(287, 36, 'Martha Gurung', 8, 'Nursery', 'B', 'Female', 'null', 'null', 'null', 'null', 'null', 'null', 'null', 'yes'),
(288, 37, 'Samwell siwakoti', 8, 'Nursery', 'B', 'Female', 'null', 'null', 'null', 'Padam Sapkota', 'null', 'Padam Sapkota', 'null', 'yes'),
(289, 38, 'James Magar', 8, 'Nursery', 'B', 'Male', 'null', 'null', 'null', 'null', 'null', 'null', 'null', 'yes'),
(290, 39, 'Nicol Tamang', 8, 'Nursery', 'B', 'Male', 'null', 'null', 'null', 'null', 'null', 'null', 'null', 'yes'),
(291, 40, 'Prasamsha Neupane', 8, 'Nursery', 'B', 'Male', 'null', 'null', 'null', 'null', 'null', 'null', 'null', 'yes'),
(292, 41, 'Shiwani Ghorasaini', 8, 'Nursery', 'B', 'Female', 'null', 'null', 'null', 'null', 'null', 'null', 'null', 'yes'),
(293, 42, 'Amir Lama', 8, 'Nursery', 'B', 'Male', 'null', 'null', 'null', 'null', 'null', 'null', 'null', 'yes'),
(294, 43, 'Usish Diwali', 9, 'Nursery', 'B', 'Male', 'null', 'null', 'null', 'null', 'null', 'null', 'null', 'yes'),
(295, 44, 'Aruna Subedi', 9, 'Nursery', 'B', 'Female', 'null', 'null', 'null', 'null', 'null', 'null', 'null', 'yes'),
(296, 1, 'Nishant Tamang', 9, '1', 'Apple', 'Male', '2018-01-01', 'null', 'nul', 'Gyan Tamang', 'null', 'Gyan Tamang', 'null', 'yes'),
(297, 2, 'Supriya Mote', 9, '1', 'Apple', 'Female', '2002-01-17', 'null', 'nul', 'Sunil Mote', 'null', 'Sunil Mote', 'null', 'yes'),
(298, 3, 'Kaustav Karki', 9, '1', 'Apple', 'Male', '1999-02-21', 'null', 'nu', 'Dipak Karki', 'null', 'Dipak Karki', 'null', 'No'),
(299, 4, 'Anweshan Aale', 9, '1', 'Apple', 'Male', '1999-01-13', 'null', 'nul', 'Bidur Ale', 'null', 'Bidur Ale', 'null', 'No'),
(300, 5, 'Prasana Neupane', 9, '1', 'Apple', 'Female', 'null', 'null', 'null', 'Pravakar Neupane', 'null', 'Pravakar Neupane', 'null', 'No'),
(301, 6, 'Bijen Sub', 9, '1', 'Apple', 'Male', '2018-01-02', 'null', 'nul', 'null', 'Sushila Subedi', 'null', 'null', 'yes'),
(302, 7, 'Kusum Rijal', 9, '1', 'Apple', 'Female', '2018-01-02', 'null', 'nul', 'Suresh Rijal', 'null', 'Suresh Rijal', 'null', 'yes'),
(303, 8, 'Archan Lama', 9, '1', 'Apple', 'Male', '2018-01-02', 'null', 'n', 'Kaji Lama', 'null', 'Kaji Lama', 'null', 'yes'),
(304, 9, 'Nishant Poude', 9, '1', 'Apple', 'Male', '2018-01-08', 'null', '123', 'Khem Poudel', 'null', 'Khem Poudel', 'null', 'yes'),
(305, 10, 'Saphal Khatri', 9, '1', 'Apple', 'Male', '2018-01-08', 'null', 'nul', 'Sankhar Khatri', 'null', 'Sankhar Khatri', 'null', 'yes'),
(306, 11, 'Riza Tandukar', 9, '1', 'Apple', 'Female', '2018-01-02', 'null', 'nu', 'Prakash Tandukar', 'null', 'Prakash Tandukar', 'null', 'yes'),
(307, 12, 'Pratikshya Karki', 9, '1', 'Apple', 'Female', 'null', 'null', 'null', 'Ram Karki', 'null', 'Ram Karki', 'null', 'yes'),
(308, 13, 'Aayush Shrestha', 9, '1', 'Apple', 'Male', '2018-01-02', 'null', 'nul', 'Ananda Kumar Shrestha', 'null', 'Ananda Kumar Shrestha', 'null', 'yes'),
(309, 14, 'Rasmin Thakuri', 9, '1', 'Apple', 'Female', '2018-01-01', 'null', 'nul', 'Rinku Thakuri', 'null', 'Rinku Thakuri', 'null', 'yes'),
(310, 15, 'Sujina Shrestha', 9, '1', 'Apple', 'Female', 'null', 'null', 'null', 'Shyam Shrestha', 'null', 'Shyam Shrestha', 'null', 'yes'),
(311, 16, 'Alisha Payakurel', 9, '1', 'Apple', 'Female', 'null', 'null', 'null', 'Bashu Pyakurel', 'null', 'Bashu Pyakurel', 'null', 'yes'),
(312, 17, 'Sajan Yogi', 9, '1', 'Apple', 'Male', 'null', 'null', 'null', 'Krishna Yogi', 'null', 'Krishna Yogi', 'null', 'yes'),
(313, 18, 'Rupesh Shrestha', 9, '1', 'Apple', 'Male', 'null', 'null', 'null', 'null', 'Nirma Shrestha', 'null', 'null', 'yes'),
(314, 19, 'Bibek Decha', 9, '1', 'Apple', 'Male', 'null', 'null', 'null', 'Shyam Decha', 'null', 'Shyam Decha', 'null', 'yes'),
(315, 20, 'Laxman Shrestha', 9, '1', 'Apple', 'Male', 'null', 'null', 'null', 'null', 'Manisha Shrestha', 'null', 'null', 'yes'),
(316, 21, 'Samyog Lama', 9, '1', 'Apple', 'Male', 'null', 'null', 'null', 'null', 'Usha Lama', 'null', 'null', 'yes'),
(317, 22, 'Angel Das', 9, '1', 'Apple', 'Female', 'null', 'null', 'null', 'null', 'Rasila Das', 'null', 'null', 'yes'),
(318, 23, 'Suja Dhungel', 9, '1', 'Apple', 'Female', 'null', 'null', 'null', 'null', 'Kabita Dhungel', 'null', 'null', 'yes'),
(319, 24, 'Samyukta Rai', 9, '1', 'Apple', 'Female', 'null', 'null', 'null', 'null', 'Samjhana Rai', 'null', 'null', 'yes'),
(320, 25, 'Anamol Kharbuja', 9, '1', 'Apple', 'Male', 'null', 'null', 'null', 'null', 'Rita Khurbuja', 'null', 'null', 'yes'),
(321, 26, 'Rakesh Lama', 9, '1', 'Apple', 'Male', 'null', 'null', 'null', 'Suk Bahadur Lama', 'null', 'Suk Bahadur Lama', 'null', 'yes'),
(322, 27, 'Shrijan Gautam', 10, '1', 'Apple', 'Male', 'null', 'null', 'null', 'null', 'null', 'null', 'null', 'yes'),
(323, 28, 'Samir Lama', 10, '1', 'Apple', 'Male', 'null', 'null', 'null', 'null', 'null', 'null', 'null', 'yes'),
(324, 1, 'Suhan Malla Thakuri', 10, '1', 'Orange', 'Male', 'null', 'null', 'null', 'Hari Ram Malla Thakuri', 'null', 'Hari Ram Malla Thakuri', 'null', 'yes'),
(325, 2, 'Suprol Shrestha', 10, '1', 'Orange', 'Male', 'null', 'null', 'null', 'Surendra Shrestha', 'null', 'Surendra Shrestha', 'null', 'yes'),
(326, 3, 'Melina Shrestha', 10, '1', 'Orange', 'Female', 'null', 'null', 'null', 'Chhatra Shrestha', 'null', 'Chhatra Shrestha', 'null', 'yes'),
(327, 4, 'Prashan Shrestha', 10, '1', 'Orange', 'Male', 'null', 'null', 'null', 'Prem Babu Shrestha', 'null', 'Prem Babu Shrestha', 'null', 'yes'),
(328, 5, 'Pratik Chaulagai', 10, '1', 'Orange', 'Male', 'null', 'null', 'null', 'Bhupendra Chaulagain', 'null', 'Bhupendra Chaulagain', 'null', 'yes'),
(329, 6, 'Aarav K.C.', 10, '1', 'Orange', 'Male', 'null', 'null', 'null', 'Ram Kumar K.C.', 'null', 'Ram Kumar K.C.', 'null', 'yes'),
(330, 7, 'Sumit Lama', 10, '1', 'Orange', 'Male', 'null', 'null', 'null', 'Surya Lama', 'null', 'Surya Lama', 'null', 'yes'),
(331, 8, 'Raj Tandukar', 10, '1', 'Orange', 'Male', 'null', 'null', 'null', 'Prakash Tandukar', 'null', 'Prakash Tandukar', 'null', 'yes'),
(332, 9, 'Ram Shrestha', 10, '1', 'Orange', 'Male', 'null', 'null', 'null', 'Manish Shrestha', 'null', 'Manish Shrestha', 'null', 'yes'),
(333, 10, 'Nischal Sundas', 10, '1', 'Orange', 'Male', 'null', 'null', 'null', 'Damodar Sundas', 'null', 'Damodar Sundas', 'null', 'yes'),
(334, 11, 'Pragyan Shrestha', 10, '1', 'Orange', 'Male', 'null', 'null', 'null', 'Prabin Shrestha', 'null', 'Prabin Shrestha', 'null', 'yes'),
(335, 12, 'Aarush Tamang', 10, '1', 'Orange', 'Male', 'null', 'null', 'null', 'Chadra Tamang', 'null', 'Chadra Tamang', 'null', 'yes'),
(336, 13, 'Pratik Malla Thakuri', 10, '1', 'Orange', 'Male', 'null', 'null', 'null', 'Puskar Malla Thakuri', 'null', 'Puskar Malla Thakuri', 'null', 'yes'),
(337, 14, 'Sahara Khatri', 10, '1', 'Orange', 'Female', 'null', 'null', 'null', 'Govinda Khatri', 'null', 'Govinda Khatri', 'null', 'yes'),
(338, 15, 'Purab Garu', 10, '1', 'Orange', 'Male', 'null', 'null', 'null', 'null', 'null', 'null', 'null', 'yes'),
(339, 16, 'Rizen Khatri', 10, '1', 'Orange', 'Male', 'null', 'null', 'null', 'Subash Khatri', 'null', 'Subash Khatri', 'null', 'yes'),
(340, 17, 'Amit Lama', 10, '1', 'Orange', 'Male', 'null', 'null', 'null', 'Kumar Lama', 'null', 'Kumar Lama', 'null', 'yes'),
(341, 18, 'Shishir Karki', 10, '1', 'Orange', 'Male', 'null', 'null', 'null', 'Abhishek Karki', 'null', 'Abhishek Karki', 'null', 'yes'),
(342, 19, 'Apshana Thapa', 10, '1', 'Orange', 'Female', 'null', 'null', 'null', 'Mohan Thapa', 'null', 'Mohan Thapa', 'null', 'yes'),
(343, 20, 'Kristika Chakrawati', 10, '1', 'Orange', 'Female', 'null', 'null', 'null', 'Bharat Krawati', 'null', 'Bharat Krawati', 'null', 'yes'),
(344, 21, 'Ajay Shrestha', 10, '1', 'Orange', 'Male', 'null', 'null', 'null', 'Kiran Shrestha', 'null', 'Kiran Shrestha', 'null', 'yes'),
(345, 22, 'Krish Gurung', 10, '1', 'Orange', 'Male', 'null', 'null', 'null', 'Parek Gurung', 'null', 'Parek Gurung', 'null', 'yes'),
(346, 23, 'Pranesh Dahal', 10, '1', 'Orange', 'Male', 'null', 'null', 'null', 'Chandra Dahal', 'null', 'Chandra Dahal', 'null', 'yes'),
(347, 24, 'Sapana Bhatta', 10, '1', 'Orange', 'Female', 'null', 'null', 'null', 'Kumar Bhatta', 'null', 'Kumar Bhatta', 'null', 'yes'),
(348, 25, 'Baibbhav Dhakal', 10, '1', 'Orange', 'Male', 'null', 'null', 'null', 'null', 'null', 'null', 'null', 'yes'),
(349, 26, 'Roshni Rasaili', 11, '1', 'Orange', 'Female', 'null', 'null', 'null', 'null', 'null', 'null', 'null', 'yes'),
(350, 27, 'Sandhya Thapa', 11, '1', 'Orange', 'Female', 'null', 'null', 'null', 'null', 'null', 'null', 'null', 'yes'),
(351, 1, 'Shristi Bastola', 11, '7', 'null', 'Female', 'null', 'null', 'null', 'Saroj Bastola', 'null', 'Saroj Bastola', 'null', 'yes'),
(352, 2, 'Anuj Pradhan', 11, '7', 'null', 'Female', 'null', 'null', 'null', 'Tek Bdr. Pradhan', 'null', 'Tek Bdr. Pradhan', 'null', 'yes'),
(353, 3, 'Bivu Kattel', 11, '7', 'null', 'Female', 'null', 'null', 'null', 'Kishor Kattel', 'null', 'Kishor Kattel', 'null', 'yes'),
(354, 4, 'Shrija Malla Thakuri', 11, '7', 'null', 'Female', 'null', 'null', 'null', 'Hari Ram M Thakuri', 'null', 'Hari Ram M Thakuri', 'null', 'yes'),
(355, 5, 'Samit Mahat', 11, '7', 'null', 'Male', 'null', 'null', 'null', 'Dhurba Mahat', 'null', 'Dhurba Mahat', 'null', 'yes'),
(356, 6, 'Yogesh Shrestha', 11, '7', 'null', 'Male', 'null', 'null', 'null', 'Dipesh Shrestha', 'null', 'Dipesh Shrestha', 'null', 'yes'),
(357, 7, 'Biswash Thapa Magar', 11, '7', 'null', 'Male', 'null', 'null', 'null', 'Manoj K. Thapa Magar', 'null', 'Manoj K. Thapa Magar', 'null', 'yes'),
(358, 8, 'Sujita Shrestha', 11, '7', 'null', 'Female', 'null', 'null', 'null', 'Shankar Shresta', 'null', 'Shankar Shresta', 'null', 'yes'),
(359, 9, 'Pratima Moktan', 11, '7', 'null', 'Female', 'null', 'null', 'null', 'Bhim Moktan', 'null', 'Bhim Moktan', 'null', 'yes'),
(360, 10, 'Rohan Chaulagai', 11, '7', 'null', 'Male', 'null', 'null', 'null', 'Rajesh Chaulagai', 'null', 'Rajesh Chaulagai', 'null', 'yes'),
(361, 11, 'Kritisha Baidhya', 11, '7', 'null', 'Female', 'null', 'null', 'null', 'Tulsiram Baidhya', 'null', 'Tulsiram Baidhya', 'null', 'yes'),
(362, 12, 'Anup Karki', 11, '7', 'null', 'Male', 'null', 'null', 'null', 'Kedar Karki', 'null', 'Kedar Karki', 'null', 'yes'),
(363, 13, 'Bimal Baral', 11, '7', 'null', 'Male', 'null', 'null', 'null', 'Krishna Baral', 'null', 'Krishna Baral', 'null', 'yes'),
(364, 14, 'Renich Karki', 11, '7', 'null', 'Male', 'null', 'null', 'null', 'Resham Karki', 'null', 'Resham Karki', 'null', 'yes'),
(365, 15, 'Bansika Rai', 11, '7', 'null', 'Female', 'null', 'null', 'null', 'Rajesh Rai', 'null', 'Rajesh Rai', 'null', 'yes'),
(366, 16, 'Nishant Basnet', 11, '7', 'null', 'Male', 'null', 'null', 'null', 'Bir Bdr. Basnet', 'null', 'Bir Bdr. Basnet', 'null', 'yes'),
(367, 17, 'Bibisha Neupane', 11, '7', 'null', 'Female', 'null', 'null', 'null', 'Suman Neupane', 'null', 'Suman Neupane', 'null', 'yes'),
(368, 18, 'Ranjit Bata', 11, '7', 'null', 'Male', 'null', 'null', 'null', 'Rajendra Bata', 'null', 'Rajendra Bata', 'null', 'yes'),
(369, 19, 'Shiva Phuyal', 11, '7', 'null', 'Male', 'null', 'null', 'null', 'Som Phuyal', 'null', 'Som Phuyal', 'null', 'yes'),
(370, 20, 'Bigen Suwal', 11, '7', 'null', 'Male', 'null', 'null', 'null', 'Indra Pd. Suwal', 'null', 'Indra Pd. Suwal', 'null', 'yes'),
(371, 21, 'Sagar Karki', 11, '7', 'null', 'Male', 'null', 'null', 'null', 'Chetan Karki', 'null', 'Chetan Karki', 'null', 'yes'),
(372, 22, 'Pratiksha Chaulagai', 11, '7', 'null', 'Female', 'null', 'null', 'null', 'Bhupendra Chaulagai', 'null', 'Bhupendra Chaulagai', 'null', 'yes'),
(373, 23, 'Aayusha Khyaju', 11, '7', 'null', 'Female', 'null', 'null', 'null', 'Ram Chandra Jhyaju', 'null', 'Ram Chandra Jhyaju', 'null', 'yes'),
(374, 24, 'Pratha Karki', 11, '7', 'null', 'Female', 'null', 'null', 'null', 'Prakash Karki', 'null', 'Prakash Karki', 'null', 'yes'),
(375, 25, 'Sujan Gadal', 11, '7', 'null', 'Male', 'null', 'null', 'null', 'Sitaram Gadal', 'null', 'Sitaram Gadal', 'null', 'yes'),
(376, 26, 'Manjil Karki', 11, '7', 'null', 'Male', 'null', 'null', 'null', 'Makunda Karki', 'null', 'Makunda Karki', 'null', 'yes'),
(377, 27, 'Aayush Shrestha', 11, '7', 'null', 'Male', 'null', 'null', 'null', 'Dhan Bdr. Shrestha', 'null', 'Dhan Bdr. Shrestha', 'null', 'yes'),
(378, 28, 'Iswori Tamang', 11, '7', 'null', 'Female', 'null', 'null', 'null', 'Jay Bdr. Tamang', 'null', 'Jay Bdr. Tamang', 'null', 'yes'),
(379, 29, 'Astha Shrestha', 11, '7', 'null', 'Female', 'null', 'null', 'null', 'Ganga Ram Shrestha', 'null', 'Ganga Ram Shrestha', 'null', 'yes'),
(380, 30, 'Pramit Deshemaru', 11, '7', 'null', 'Male', 'null', 'null', 'null', 'Punya Ram Deshemaru', 'null', 'Punya Ram Deshemaru', 'null', 'yes'),
(381, 31, 'Shivani Godar', 11, '7', 'null', 'Female', 'null', 'null', 'null', 'Ram Godal', 'null', 'Ram Godal', 'null', 'yes'),
(382, 32, 'Anjana Pokhrel', 11, '7', 'null', 'Female', 'null', 'null', 'null', 'Dipak Pokhrel', 'null', 'Dipak Pokhrel', 'null', 'yes');
INSERT INTO `year_2074_student` (`Student_id`, `Roll`, `Name`, `Grade_id`, `Grade`, `Section`, `Gender`, `DOB`, `Address`, `Phone`, `Father_name`, `Mother_name`, `Guardian_name`, `Previous_school`, `Active`) VALUES
(383, 33, 'Sujan Sangroula', 11, '7', 'null', 'Male', 'null', 'null', 'null', 'Dil Bdr. Sanroula', 'null', 'Dil Bdr. Sanroula', 'null', 'yes'),
(384, 34, 'Anusma Thapa', 12, '7', 'null', 'Female', 'null', 'null', 'null', 'Kumar Thapa', 'null', 'Kumar Thapa', 'null', 'yes'),
(385, 35, 'Prajwal Rai', 12, '7', 'null', 'Male', 'null', 'null', 'null', 'Pradeep Kumar Rai', 'null', 'Pradeep Kumar Rai', 'null', 'yes'),
(386, 1, 'Anurag Niraula', 12, '6', 'null', 'Male', 'null', 'null', 'null', 'Tek Prasad Niraula', 'null', 'Tek Prasad Niraula', 'null', 'yes'),
(387, 2, 'Ritesh Khatri', 12, '6', 'null', 'Male', 'null', 'null', 'null', 'Raju Khatri', 'null', 'Raju Khatri', 'null', 'yes'),
(388, 3, 'Anup Raj Aachharya', 12, '6', 'null', 'Male', 'null', 'null', 'null', 'Jebanand Aachharya', 'null', 'Jebanand Aachharya', 'null', 'yes'),
(389, 4, 'Piyush Shrestha', 12, '6', 'null', 'Male', 'null', 'null', 'null', 'Nahakul Shrestha', 'null', 'Nahakul Shrestha', 'null', 'yes'),
(390, 5, 'Bikash Shrestha', 12, '6', 'null', 'Male', 'null', 'null', 'null', 'Bishnu Shrestah', 'null', 'Bishnu Shrestah', 'null', 'yes'),
(391, 6, 'Prerana Malla Thakuri', 12, '6', 'null', 'Female', 'null', 'null', 'null', 'Puskar M Thakuri', 'null', 'Puskar M Thakuri', 'null', 'yes'),
(392, 7, 'Rasik Aachharya', 12, '6', 'null', 'Male', 'null', 'null', 'null', 'Ouskar Aachharya', 'null', 'Ouskar Aachharya', 'null', 'yes'),
(393, 8, 'Nirja Malla Thakuri', 12, '6', 'null', 'Female', 'null', 'null', 'null', 'Raja Ram M Thakuri', 'null', 'Raja Ram M Thakuri', 'null', 'yes'),
(394, 9, 'Swostika Thapa Magar', 12, '6', 'null', 'Female', 'null', 'null', 'null', 'Kalu Thapa', 'null', 'Kalu Thapa', 'null', 'yes'),
(395, 10, 'Sakshi Suwal', 12, '6', 'null', 'Female', 'null', 'null', 'null', 'Bijendra Suwal', 'null', 'Bijendra Suwal', 'null', 'yes'),
(396, 11, 'Sanjita Dulal', 12, '6', 'null', 'Female', 'null', 'null', 'null', 'Krishna Dulal', 'null', 'Krishna Dulal', 'null', 'yes'),
(397, 12, 'Smita Shrestha', 12, '6', 'null', 'Female', 'null', 'null', 'null', 'Tek Bdr. Shrestha', 'null', 'Tek Bdr. Shrestha', 'null', 'yes'),
(398, 13, 'Swostika Budathoki', 12, '6', 'null', 'Female', 'null', 'null', 'null', 'Saroj Budathoki', 'null', 'Saroj Budathoki', 'null', 'yes'),
(399, 14, 'Rojina B.C.', 12, '6', 'null', 'Female', 'null', 'null', 'null', 'Ramsharan B.C.', 'null', 'Ramsharan B.C.', 'null', 'yes'),
(400, 15, 'Archhna Moktan', 12, '6', 'null', 'Female', 'null', 'null', 'null', 'Kaji Moktan', 'null', 'Kaji Moktan', 'null', 'yes'),
(401, 16, 'Prasannata Thapa', 12, '6', 'null', 'Female', 'null', 'null', 'null', 'Bir Bdr. Thapa', 'null', 'Bir Bdr. Thapa', 'null', 'yes'),
(402, 17, 'Roman Rai', 12, '6', 'null', 'Male', 'null', 'null', 'null', 'Milan Rai', 'null', 'Milan Rai', 'null', 'yes'),
(403, 18, 'Rikesh Regmi', 12, '6', 'null', 'Male', 'null', 'null', 'null', 'Prem Regmi', 'null', 'Prem Regmi', 'null', 'yes'),
(404, 19, 'Asma Shrestha', 12, '6', 'null', 'Female', 'null', 'null', 'null', 'Mohan Shrestha', 'null', 'Mohan Shrestha', 'null', 'yes'),
(405, 20, 'Dipesh Bhandari', 12, '6', 'null', 'Male', 'null', 'null', 'null', 'Dipak Bhandari', 'null', 'Dipak Bhandari', 'null', 'yes'),
(406, 21, 'Asika Gurung', 12, '6', 'null', 'Female', 'null', 'null', 'null', 'Bharat Gurung', 'null', 'Bharat Gurung', 'null', 'yes'),
(407, 22, 'Kailash Raut', 12, '6', 'null', 'Male', 'null', 'null', 'null', 'Kapil Raut', 'null', 'Kapil Raut', 'null', 'yes'),
(408, 23, 'Dilip Thapa Magar', 12, '6', 'null', 'Male', 'null', 'null', 'null', 'Durga Bdr. Thapa Magar', 'null', 'Durga Bdr. Thapa Magar', 'null', 'yes'),
(409, 24, 'Siddhartha Shrestha', 12, '6', 'null', 'Male', 'null', 'null', 'null', 'Govinda Shrestah', 'null', 'Govinda Shrestah', 'null', 'yes'),
(410, 25, 'Bipal Giri', 12, '6', 'null', 'Male', 'null', 'null', 'null', 'Ram Giri', 'null', 'Ram Giri', 'null', 'yes'),
(411, 26, 'Shreeya Karki', 12, '6', 'null', 'Female', 'null', 'null', 'null', 'Raju Karki', 'null', 'Raju Karki', 'null', 'yes'),
(412, 27, 'Ruchika Budathoki', 12, '6', 'null', 'Female', 'null', 'null', 'null', 'Mani Ram Budathoki', 'null', 'Mani Ram Budathoki', 'null', 'yes'),
(413, 28, 'Samana Karki', 12, '6', 'null', 'Female', 'null', 'null', 'null', 'Aayush Karki', 'null', 'Aayush Karki', 'null', 'yes'),
(414, 29, 'Khem Thapa', 12, '6', 'null', 'Male', 'null', 'null', 'null', 'Mohan Thapa', 'null', 'Mohan Thapa', 'null', 'yes'),
(415, 30, 'Shova Dahal', 12, '6', 'null', 'Female', 'null', 'null', 'null', 'Kumar Dahal', 'null', 'Kumar Dahal', 'null', 'yes'),
(416, 31, 'Manisha Shrestha', 12, '6', 'null', 'Female', 'null', 'null', 'null', 'Ram Shrestha', 'null', 'Ram Shrestha', 'null', 'yes'),
(417, 32, 'Urean Bati', 12, '6', 'null', 'Male', 'null', 'null', 'null', 'null', 'Shanti Bati', 'null', 'null', 'yes'),
(418, 33, 'Om Shankar Shaha', 12, '6', 'null', 'Male', 'null', 'null', 'null', 'Dilip K. Shaha', 'null', 'Dilip K. Shaha', 'null', 'yes'),
(419, 34, 'Bishesta Magar', 12, '6', 'null', 'Female', 'null', 'null', 'null', 'Jayaram Magar', 'null', 'Jayaram Magar', 'null', 'yes'),
(420, 35, 'Sushma Tamang', 12, '6', 'null', 'Female', 'null', 'null', 'null', 'Lodong Tamang', 'null', 'Lodong Tamang', 'null', 'yes'),
(421, 36, 'Tanka Raj Bhatta', 13, '6', 'null', 'Male', 'null', 'null', 'null', 'Parak Raj Bhatta', 'null', 'Parak Raj Bhatta', 'null', 'yes'),
(422, 37, 'Rubina Yogi', 13, '6', 'null', 'Female', 'null', 'null', 'null', 'Kumar Yogi', 'null', 'Kumar Yogi', 'null', 'yes'),
(423, 1, 'Swopnil Chaulagain', 13, 'SKG', 'Sunakhari', 'Male', 'null', 'null', 'null', 'Dinesh Chaulagain', 'null', 'Dinesh Chaulagain', 'null', 'yes'),
(424, 2, 'Sobhan Barsa Pathak', 13, 'SKG', 'Sunakhari', 'Female', 'null', 'null', 'null', 'null', 'Rupa Pathak', 'null', 'null', 'yes'),
(425, 3, 'Dipika Rakhal', 13, 'SKG', 'Sunakhari', 'Female', 'null', 'null', 'null', 'null', 'Devi Rakhal', 'null', 'null', 'yes'),
(426, 4, 'Mission Khadka', 13, 'SKG', 'Sunakhari', 'Male', 'null', 'null', 'null', 'Dev Khadka', 'null', 'Dev Khadka', 'null', 'yes'),
(427, 5, 'Dipson K.C.', 13, 'SKG', 'Sunakhari', 'Male', 'null', 'null', 'null', 'null', 'Nisha K.C', 'null', 'null', 'yes'),
(428, 6, 'Aayush Duwal', 13, 'SKG', 'Sunakhari', 'Male', 'null', 'null', 'null', 'Laxmi P. Duwal', 'null', 'Laxmi P. Duwal', 'null', 'yes'),
(429, 7, 'Sujita Gautam', 13, 'SKG', 'Sunakhari', 'Female', 'null', 'null', 'null', 'Suresh Gautam', 'null', 'Suresh Gautam', 'null', 'yes'),
(430, 8, 'Aarambha Baskota', 13, 'SKG', 'Sunakhari', 'Male', 'null', 'null', 'null', 'Netra Baskota', 'null', 'Netra Baskota', 'null', 'yes'),
(431, 9, 'Diyog Dahal', 13, 'SKG', 'Sunakhari', 'Male', 'null', 'null', 'null', 'Ghanshyam Dahal', 'null', 'Ghanshyam Dahal', 'null', 'yes'),
(432, 10, 'Sachin Chalulagain', 13, 'SKG', 'Sunakhari', 'Male', 'null', 'null', 'null', 'null', 'Sabita Choulagain', 'null', 'null', 'yes'),
(433, 11, 'Aasma Sardar', 13, 'SKG', 'Sunakhari', 'Female', 'null', 'null', 'null', 'Mitthu Sardar', 'null', 'Mitthu Sardar', 'null', 'yes'),
(434, 12, 'Aamos Rasaili', 13, 'SKG', 'Sunakhari', 'Male', 'null', 'null', 'null', 'Raj K. Rasaili', 'null', 'Raj K. Rasaili', 'null', 'yes'),
(435, 13, 'Riwas Karki', 13, 'SKG', 'Sunakhari', 'Male', 'null', 'null', 'null', 'Raju Karki', 'null', 'Raju Karki', 'null', 'yes'),
(436, 14, 'Kusum Tamang', 13, 'SKG', 'Sunakhari', 'Female', 'null', 'null', 'null', 'Som B. Tamang', 'null', 'Som B. Tamang', 'null', 'yes'),
(437, 15, 'Sujal Baniya', 13, 'SKG', 'Sunakhari', 'Male', 'null', 'null', 'null', 'Suresh Baniya', 'null', 'Suresh Baniya', 'null', 'yes'),
(438, 16, 'Andis Shrestha', 13, 'SKG', 'Sunakhari', 'Male', 'null', 'null', 'null', 'null', 'Kamala Shrestha', 'null', 'null', 'yes'),
(439, 17, 'Rubesh Budathoki', 13, 'SKG', 'Sunakhari', 'Male', 'null', 'null', 'null', 'Mani Ram Budathoki', 'null', 'Mani Ram Budathoki', 'null', 'yes'),
(440, 18, 'Riya Pudasaini', 13, 'SKG', 'Sunakhari', 'Female', 'null', 'null', 'null', 'Rajendra Pudasaini', 'null', 'Rajendra Pudasaini', 'null', 'yes'),
(441, 19, 'Mirjala Rakhal', 13, 'SKG', 'Sunakhari', 'Female', 'null', 'null', 'null', 'null', 'Mina Rakhel', 'null', 'null', 'yes'),
(442, 20, 'Unisha Suwal', 13, 'SKG', 'Sunakhari', 'Female', 'null', 'null', 'null', 'Laxman Suwal', 'null', 'Laxman Suwal', 'null', 'yes'),
(443, 21, 'Dipson Shrestha', 13, 'SKG', 'Sunakhari', 'Male', 'null', 'null', 'null', 'Dipendra Shrestha', 'null', 'Dipendra Shrestha', 'null', 'yes'),
(444, 22, 'Simon Jarga', 13, 'SKG', 'Sunakhari', 'Male', 'null', 'null', 'null', 'Udin Jarga', 'null', 'Udin Jarga', 'null', 'yes'),
(445, 23, 'Khusbu Khatun', 13, 'SKG', 'Sunakhari', 'Female', 'null', 'null', 'null', 'Muskan Khatun', 'null', 'Muskan Khatun', 'null', 'yes'),
(446, 24, 'Jamuna Tamang', 13, 'SKG', 'Sunakhari', 'Female', 'null', 'null', 'null', 'null', 'Sabina Tamang', 'null', 'null', 'yes'),
(447, 25, 'Somraj Baidhya', 13, 'SKG', 'Sunakhari', 'Male', 'null', 'null', 'null', 'Laxman Baidhya', 'null', 'Laxman Baidhya', 'null', 'yes'),
(448, 26, 'Aarush K.C.', 13, 'SKG', 'Sunakhari', 'Male', 'null', 'null', 'null', 'Ganesh K.C.', 'null', 'Ganesh K.C.', 'null', 'yes'),
(449, 27, 'Aashish Giri', 13, 'SKG', 'Sunakhari', 'Male', 'null', 'null', 'null', 'null', 'Anita Giri', 'null', 'null', 'yes'),
(450, 28, 'Sofiya Thapa', 13, 'SKG', 'Sunakhari', 'Female', 'null', 'null', 'null', 'Niroj Thapa', 'null', 'Niroj Thapa', 'null', 'yes'),
(451, 29, 'Ujjwal Upreti', 13, 'SKG', 'Sunakhari', 'Male', 'null', 'null', 'null', 'null', 'Alina Up Upreti', 'null', 'null', 'yes'),
(452, 30, 'Liya Khadka', 14, 'SKG', 'Sunakhari', 'Female', 'null', 'null', 'null', 'Ram Chandra Gautam', 'null', 'Ram Chandra Gautam', 'null', 'yes'),
(453, 31, 'Ojaswee Gautam', 14, 'SKG', 'Sunakhari', 'Male', 'null', 'null', 'null', 'Ram Chandra Gautam', 'null', 'Ram Chandra Gautam', 'null', 'yes'),
(454, 1, 'Isha Chaudhary', 14, 'SKG', 'Sungava', 'Female', 'null', 'null', 'null', 'Dharmendra Choudhary', 'null', 'Dharmendra Choudhary', 'null', 'yes'),
(455, 2, 'Sumina Lama', 14, 'SKG', 'Sungava', 'Female', 'null', 'null', 'null', 'Nandalal Lama', 'null', 'Nandalal Lama', 'null', 'yes'),
(456, 3, 'Abhinash Khadka', 14, 'SKG', 'Sungava', 'Male', 'null', 'null', 'null', 'Ram Kumar Khadka', 'null', 'Ram Kumar Khadka', 'null', 'yes'),
(457, 4, 'Sofiya Lama', 14, 'SKG', 'Sungava', 'Female', 'null', 'null', 'null', 'Ram Chandra Lama', 'null', 'Ram Chandra Lama', 'null', 'yes'),
(458, 5, 'Sushmita Aale', 14, 'SKG', 'Sungava', 'Male', 'null', 'null', 'null', 'Puspa Raj Aale', 'null', 'Puspa Raj Aale', 'null', 'yes'),
(459, 6, 'Bishwo Bikram Bista', 14, 'SKG', 'Sungava', 'Male', 'null', 'null', 'null', 'Ramesh Bista', 'null', 'Ramesh Bista', 'null', 'yes'),
(460, 7, 'Aarabh Magar', 14, 'SKG', 'Sungava', 'Male', 'null', 'null', 'null', 'null', 'Deepa Magar', 'null', 'null', 'yes'),
(461, 8, 'Sanjeeb Khadka', 14, 'SKG', 'Sungava', 'Male', 'null', 'null', 'null', 'Bhim Khadka', 'null', 'Bhim Khadka', 'null', 'yes'),
(462, 9, 'Priyansi Karki', 14, 'SKG', 'Sungava', 'Female', 'null', 'null', 'null', 'Rijan Karki', 'null', 'Rijan Karki', 'null', 'yes'),
(463, 10, 'Bipasa Aale', 14, 'SKG', 'Sungava', 'Female', 'null', 'null', 'null', 'Bimal Aale', 'null', 'Bimal Aale', 'null', 'yes'),
(464, 11, 'Anish Pradhan', 14, 'SKG', 'Sungava', 'Male', 'null', 'null', 'null', 'Krishna Pradhan', 'null', 'Krishna Pradhan', 'null', 'yes'),
(465, 12, 'Radika Bati', 14, 'SKG', 'Sungava', 'Female', 'null', 'null', 'null', 'Prabhad Bati', 'null', 'Prabhad Bati', 'null', 'yes'),
(466, 13, 'Dinisha Shrestha', 14, 'SKG', 'Sungava', 'Male', 'null', 'null', 'null', 'Chet Kumar Shrestha', 'null', 'Chet Kumar Shrestha', 'null', 'yes'),
(467, 14, 'Roshika Lama', 14, 'SKG', 'Sungava', 'Female', 'null', 'null', 'null', 'Rajendra Lama', 'null', 'Rajendra Lama', 'null', 'yes'),
(468, 15, 'Soluman Sunuwar', 14, 'SKG', 'Sungava', 'Male', 'null', 'null', 'null', 'Salyan Sunuwar', 'null', 'Salyan Sunuwar', 'null', 'yes'),
(469, 16, 'Swoyam Thapa', 14, 'SKG', 'Sungava', 'Male', 'null', 'null', 'null', 'null', 'Sharmila Thapa', 'null', 'null', 'yes'),
(470, 17, 'Anju Decha', 14, 'SKG', 'Sungava', 'Male', 'null', 'null', 'null', 'Ram Decha', 'null', 'Ram Decha', 'null', 'yes'),
(471, 18, 'Salina Shrestha', 14, 'SKG', 'Sungava', 'Female', 'null', 'null', 'null', 'Ram Kaji Shrestha', 'null', 'Ram Kaji Shrestha', 'null', 'yes'),
(472, 19, 'Sujan Lama', 14, 'SKG', 'Sungava', 'Female', 'null', 'null', 'null', 'ram chandra lama', 'null', 'ram chandra lama', 'null', 'yes'),
(473, 20, 'Muskan Khatun', 14, 'SKG', 'Sungava', 'Male', 'null', 'null', 'null', 'mohammad khatun', 'null', 'mohammad khatun', 'null', 'yes'),
(474, 21, 'Milan Shrestha', 14, 'SKG', 'Sungava', 'Female', 'null', 'null', 'null', 'chandra bahadur shrestha', 'null', 'chandra bahadur shrestha', 'null', 'yes'),
(475, 22, 'Ganga Tamang', 14, 'SKG', 'Sungava', 'Female', 'null', 'null', 'null', 'null', 'sabina tamang', 'null', 'null', 'yes'),
(476, 23, 'Ishara Subedi', 14, 'SKG', 'Sungava', 'Male', 'null', 'null', 'null', 'rajendra subedi', 'null', 'rajendra subedi', 'null', 'yes'),
(477, 24, 'Prajwol Kafle', 14, 'SKG', 'Sungava', 'Female', 'null', 'null', 'null', 'null', 'null', 'null', 'null', 'yes'),
(478, 25, 'Jenisha Pradhan', 14, 'SKG', 'Sungava', 'Male', 'null', 'null', 'null', 'Ram Kumar Pradhan', 'null', 'Ram Kumar Pradhan', 'null', 'yes'),
(479, 26, 'Aayush Shrestha', 14, 'SKG', 'Sungava', 'Male', 'null', 'null', 'null', 'null', 'Kamala Shrestha', 'null', 'null', 'yes'),
(480, 27, 'Aashish Shrestha', 14, 'SKG', 'Sungava', 'Male', 'null', 'null', 'null', 'null', 'Kamala Shrestha', 'null', 'null', 'yes'),
(481, 28, 'Amira Dhungana', 14, 'SKG', 'Sungava', 'Female', 'null', 'null', 'null', 'Rajendra Dhungana', 'null', 'Rajendra Dhungana', 'null', 'yes'),
(482, 29, 'Samipya Timsina', 14, 'SKG', 'Sungava', 'Female', 'null', 'null', 'null', 'Chetandas Timsina', 'null', 'Chetandas Timsina', 'null', 'yes'),
(483, 30, 'Binek Badikar', 15, 'SKG', 'Sungava', 'Male', 'null', 'null', 'null', 'Buddhasaran Badikar', 'null', 'Buddhasaran Badikar', 'null', 'yes'),
(484, 31, 'Supriya Lama', 15, 'SKG', 'Sungava', 'Female', 'null', 'null', 'null', 'null', 'null', 'null', 'null', 'yes'),
(485, 1, 'Sampurna K.C.', 15, '10', 'null', 'Male', 'null', 'null', 'null', 'Shiv Raj K.C', 'null', 'Shiv Raj K.C', 'null', 'yes'),
(486, 2, 'Amrita Tyata', 15, '10', 'null', 'Female', 'null', 'null', 'null', 'Bhim Tyata', 'null', 'Bhim Tyata', 'null', 'yes'),
(487, 3, 'Tapandra Bhandari', 15, '10', 'null', 'Male', 'null', 'null', 'null', 'Prakash Bhandari', 'null', 'Prakash Bhandari', 'null', 'yes'),
(488, 4, 'Barsha Lama', 15, '10', 'null', 'Female', 'null', 'null', 'null', 'Fatta Bdr. Lama', 'null', 'Fatta Bdr. Lama', 'null', 'yes'),
(489, 5, 'Nabin Ghimire', 15, '10', 'null', 'Male', 'null', 'null', 'null', 'Gopal Pd. Ghimire', 'null', 'Gopal Pd. Ghimire', 'null', 'yes'),
(490, 6, 'Pramila Moktan', 15, '10', 'null', 'Female', 'null', 'null', 'null', 'Bhim Moktan', 'null', 'Bhim Moktan', 'null', 'yes'),
(491, 7, 'Preshna Karki', 15, '10', 'null', 'Female', 'null', 'null', 'null', 'Santosh Karki', 'null', 'Santosh Karki', 'null', 'yes'),
(492, 8, 'Sanskriti Ghimire', 15, '10', 'null', 'Female', 'null', 'null', 'null', 'Chirajjibi Ghimire', 'null', 'Chirajjibi Ghimire', 'null', 'yes'),
(493, 9, 'Saroj Naupane', 15, '10', 'null', 'Male', 'null', 'null', 'null', 'Lila Nath Naupane', 'null', 'Lila Nath Naupane', 'null', 'yes'),
(494, 10, 'Anubhav Niroula', 15, '10', 'null', 'Male', 'null', 'null', 'null', 'Tek Pd. Niroula', 'null', 'Tek Pd. Niroula', 'null', 'yes'),
(495, 11, 'Prem Gautam', 15, '10', 'null', 'Male', 'null', 'null', 'null', 'Rewati Pd. Gautam', 'null', 'Rewati Pd. Gautam', 'null', 'yes'),
(496, 12, 'Ranjit Khadka', 15, '10', 'null', 'Male', 'null', 'null', 'null', 'Rajan Khadka', 'null', 'Rajan Khadka', 'null', 'yes'),
(497, 13, 'Pravin Thapa Magar', 15, '10', 'null', 'Male', 'null', 'null', 'null', 'Dambar Bdr. Thapa Magar', 'null', 'Dambar Bdr. Thapa Magar', 'null', 'yes'),
(498, 14, 'Ramit Balampaki Magar', 15, '10', 'null', 'Male', 'null', 'null', 'null', 'Ramu Magar', 'null', 'Ramu Magar', 'null', 'yes'),
(499, 15, 'Preeti Khadka', 15, '10', 'null', 'Female', 'null', 'null', 'null', 'Ram Hari Khadka', 'null', 'Ram Hari Khadka', 'null', 'yes'),
(500, 16, 'Bikal Suwal', 15, '10', 'null', 'Male', 'null', 'null', 'null', 'Indra Pd. Suwal', 'null', 'Indra Pd. Suwal', 'null', 'yes'),
(501, 17, 'Binisha Thapa', 15, '10', 'null', 'Female', 'null', 'null', 'null', 'Ram Kumar Thapa', 'null', 'Ram Kumar Thapa', 'null', 'yes'),
(502, 18, 'Sirjan Pandey', 15, '10', 'null', 'Male', 'null', 'null', 'null', 'Kanhiya Pandey', 'null', 'Kanhiya Pandey', 'null', 'yes'),
(503, 19, 'Shoramika Pahadi', 15, '10', 'null', 'Female', 'null', 'null', 'null', 'Hom Nath Pahadi', 'null', 'Hom Nath Pahadi', 'null', 'yes'),
(504, 20, 'Shruti Shah', 15, '10', 'null', 'Female', 'null', 'null', 'null', 'Dev Krishna Shah', 'null', 'Dev Krishna Shah', 'null', 'yes'),
(505, 21, 'Jitu Karki', 15, '10', 'null', 'Male', 'null', 'null', 'null', 'null', 'Shova Karki', 'null', 'null', 'yes'),
(506, 22, 'Anish Karki', 15, '10', 'null', 'Male', 'null', 'null', 'null', 'Gautam Karki', 'I', 'Gautam Karki', 'null', 'yes'),
(507, 23, 'Sagar Shrestha', 15, '10', 'null', 'Male', 'null', 'null', 'null', 'Sita Ram Shrestha', 'I', 'Sita Ram Shrestha', 'null', 'yes'),
(508, 24, 'Anupa Karki', 15, '10', 'null', 'Female', 'null', 'null', 'null', 'Kedar Karki', 'I', 'Kedar Karki', 'null', 'yes'),
(509, 25, 'Sushant Khadka', 15, '10', 'null', 'Male', 'null', 'null', 'null', 'Suraj Khadka', 'I', 'Suraj Khadka', 'null', 'yes'),
(510, 26, 'Mayesh Karki', 15, '10', 'null', 'Male', 'null', 'null', 'null', 'Shyam Karki', 'I', 'Shyam Karki', 'null', 'yes'),
(511, 27, 'Laxmi Shrestha', 15, '10', 'null', 'Female', 'null', 'null', 'null', 'Tok Bdr, Shrestha', 'I', 'Tok Bdr, Shrestha', 'null', 'yes'),
(512, 28, 'Dipesh Shrestha', 15, '10', 'null', 'Male', 'null', 'null', 'null', 'Ganga Ram Shrestha', 'I', 'Ganga Ram Shrestha', 'null', 'yes'),
(513, 1, 'Sandesh Naupane', 16, '3', 'null', 'Male', 'null', 'null', 'null', 'Balkrishna Naupane', 'null', 'Balkrishna Naupane', 'null', 'yes'),
(514, 2, 'Siddhartha Thokar', 16, '3', 'null', 'Male', 'null', 'null', 'null', 'Asha Man Thokar', 'null', 'Asha Man Thokar', 'null', 'yes'),
(515, 3, 'Saurab Karki', 16, '3', 'null', 'Male', 'null', 'null', 'null', 'Raju Karki', 'null', 'Raju Karki', 'null', 'yes'),
(516, 4, 'Biplab Khadka', 16, '3', 'null', 'Male', 'null', 'null', 'null', 'Ram Prasad Khadka', 'null', 'Ram Prasad Khadka', 'null', 'yes'),
(517, 5, 'Gagan Katwal', 16, '3', 'null', 'Male', 'null', 'null', 'null', 'Ushak Katwal', 'null', 'Ushak Katwal', 'null', 'yes'),
(518, 6, 'Anuwesha Ale', 16, '3', 'null', 'Female', 'null', 'null', 'null', 'Binod Ale', 'null', 'Binod Ale', 'null', 'yes'),
(519, 7, 'Awash M.T.', 16, '3', 'null', 'Male', 'null', 'null', 'null', 'Paras M.T.', 'null', 'Paras M.T.', 'null', 'yes'),
(520, 8, 'Krishal Shrestha', 16, '3', 'null', 'Male', 'null', 'null', 'null', 'Krishna Shrestha', 'null', 'Krishna Shrestha', 'null', 'yes'),
(521, 9, 'Prathana Shrestha', 16, '3', 'null', 'Female', 'null', 'null', 'null', 'Nahakul Shrestha', 'null', 'Nahakul Shrestha', 'null', 'yes'),
(522, 10, 'Sujan Shrestha', 16, '3', 'null', 'Male', 'null', 'null', 'null', 'Indra Bdr, Shrestha', 'null', 'Indra Bdr, Shrestha', 'null', 'yes'),
(523, 11, 'Krija Pardhan', 16, '3', 'null', 'Male', 'null', 'null', 'null', 'Tek Bdr, Pardhan', 'null', 'Tek Bdr, Pardhan', 'null', 'yes'),
(524, 12, 'Saksham Bhandari', 16, '3', 'null', 'Male', 'null', 'null', 'null', 'Ganesh Bhandari', 'null', 'Ganesh Bhandari', 'null', 'yes'),
(525, 13, 'Awashna M.T.', 16, '3', 'null', 'Female', 'null', 'null', 'null', 'Parash M.T.', 'null', 'Parash M.T.', 'null', 'yes'),
(526, 14, 'Sujan Dhungana', 16, '3', 'null', 'Male', 'null', 'null', 'null', 'Ram Dhungana', 'null', 'Ram Dhungana', 'null', 'yes'),
(527, 15, 'Aayush Dahal', 16, '3', 'null', 'Male', 'null', 'null', 'null', 'Amrit Dahal', 'null', 'Amrit Dahal', 'null', 'yes'),
(528, 16, 'Bipin Tamang', 16, '3', 'null', 'Male', 'null', 'null', 'null', 'Amrit Tamang', 'null', 'Amrit Tamang', 'null', 'yes'),
(529, 17, 'Stuti K.C.', 16, '3', 'null', 'Female', 'null', 'null', 'null', 'Ranjit K.C.', 'null', 'Ranjit K.C.', 'null', 'yes'),
(530, 18, 'Prashant Tamang', 16, '3', 'null', 'Male', 'null', 'null', 'null', 'Prabin Tamang', 'null', 'Prabin Tamang', 'null', 'yes'),
(531, 19, 'Pranab Shapkota', 16, '3', 'null', 'Male', 'null', 'null', 'null', 'Nabaraj Shapkota', 'null', 'Nabaraj Shapkota', 'null', 'yes'),
(532, 20, 'Sneha Thapa', 16, '3', 'null', 'Female', 'null', 'null', 'null', 'Niraj Thapa', 'null', 'Niraj Thapa', 'null', 'yes'),
(533, 21, 'Namrata Tamang', 16, '3', 'null', 'Female', 'null', 'null', 'null', 'Santa Man Tamang', 'null', 'Santa Man Tamang', 'null', 'yes'),
(534, 22, 'Kushal Khadka', 16, '3', 'null', 'Male', 'null', 'null', 'null', 'Krishna Khadka', 'null', 'Krishna Khadka', 'null', 'yes'),
(535, 23, 'Krinjala Kharbuja', 16, '3', 'null', 'Female', 'null', 'null', 'null', 'Krishna Man Khurbuja', 'null', 'Krishna Man Khurbuja', 'null', 'yes'),
(536, 24, 'Samir Khadka', 16, '3', 'null', 'Female', 'null', 'null', 'null', 'Bhim Bdr. Khadka', 'null', 'Bhim Bdr. Khadka', 'null', 'yes'),
(537, 25, 'Rojan B.C.', 16, '3', 'null', 'Male', 'null', 'null', 'null', 'Ramsharan B,C,', 'null', 'Ramsharan B,C,', 'null', 'yes'),
(538, 26, 'Deepa Ghatani', 16, '3', 'null', 'Female', 'null', 'null', 'null', 'Arjun Ghatani', 'null', 'Arjun Ghatani', 'null', 'yes'),
(539, 27, 'Sandhya Basnet', 16, '3', 'null', 'Female', 'null', 'null', 'null', 'Pursottam Basnet', 'null', 'Pursottam Basnet', 'null', 'yes'),
(540, 28, 'Kanchan Neupane', 16, '3', 'null', 'Female', 'null', 'null', 'null', 'Kishor Neupane', 'null', 'Kishor Neupane', 'null', 'yes'),
(541, 29, 'Shrish Shrestha', 16, '3', 'null', 'Male', 'null', 'null', 'null', 'Raj Bdr, Shrestha', 'null', 'Raj Bdr, Shrestha', 'null', 'yes'),
(542, 30, 'Sambodhan K.C.', 16, '3', 'null', 'Male', 'null', 'null', 'null', 'Govardan K,C,', 'null', 'Govardan K,C,', 'null', 'yes'),
(543, 31, 'Sopnil Thapa Magar', 16, '3', 'null', 'Male', 'null', 'null', 'null', 'Saroj Thapa Magar', 'null', 'Saroj Thapa Magar', 'null', 'yes'),
(544, 32, 'Sabina Shrestha', 16, '3', 'null', 'Male', 'null', 'null', 'null', 'Shyam Kaji Shrestha', 'null', 'Shyam Kaji Shrestha', 'null', 'yes'),
(545, 33, 'Dipshika Shrestha', 16, '3', 'null', 'Female', '2063-01-02', 'nekosera', '9851160980', 'Dipendra Shrestha', 'rama ', 'Dipendra Shrestha', '', 'yes'),
(546, 34, 'Lenin Budathoki', 16, '3', 'null', 'Female', 'null', 'null', 'null', 'Lava Budathoki', 'null', 'Lava Budathoki', 'null', 'yes'),
(547, 35, 'Subani Baniya', 16, '3', 'null', 'Female', 'null', 'null', 'null', 'Suman Baniya', 'null', 'Suman Baniya', 'null', 'yes'),
(548, 36, 'Riwaj Thing', 16, '3', 'null', 'Male', 'null', 'null', 'null', 'Ram Raj Thing', 'null', 'Ram Raj Thing', 'null', 'yes'),
(549, 37, 'Parusha Thapa', 16, '3', 'null', 'Female', 'null', 'null', 'null', 'Kumar Thapa', 'null', 'Kumar Thapa', 'null', 'yes'),
(550, 38, 'Abby Dhungana', 16, '3', 'null', 'Male', 'null', 'null', 'null', 'Rajendra Dhungana', 'null', 'Rajendra Dhungana', 'null', 'yes'),
(551, 39, 'Supriya Bhandari', 16, '3', 'null', 'Female', 'null', 'null', 'null', 'Nirpesh Bhandari', 'null', 'Nirpesh Bhandari', 'null', 'yes'),
(552, 40, 'Subigya Bhandari', 16, '3', 'null', 'Female', 'null', 'null', 'null', 'Dinesh Bhandari', 'null', 'Dinesh Bhandari', 'null', 'yes'),
(553, 41, 'Pragyan Poudel', 16, '3', 'null', 'Male', 'null', 'null', 'null', 'Bal Kumar Poudel', 'null', 'Bal Kumar Poudel', 'null', 'yes'),
(554, 42, 'Pranish Karki', 16, '3', 'null', 'Male', 'null', 'null', 'null', 'Prabhu Karki', 'null', 'Prabhu Karki', 'null', 'yes'),
(555, 43, 'Swostik Baral', 16, '3', 'null', 'Male', 'null', 'null', 'null', 'Laxman Baral', 'null', 'Laxman Baral', 'null', 'yes'),
(556, 44, 'Binam Singh Thakuri', 16, '3', 'null', 'Male', 'null', 'null', 'null', 'null', 'null', 'null', 'null', 'yes'),
(557, 45, 'Prasidhi Bhatta', 16, '3', 'null', 'Female', 'null', 'null', 'null', 'null', 'null', 'null', 'null', 'yes'),
(558, 46, 'Simony Nepal', 16, '3', 'null', 'Male', 'null', 'null', 'null', 'null', 'null', 'null', 'null', 'yes'),
(559, 47, 'Sulav Koirala', 17, '3', 'null', 'Male', 'null', 'null', 'null', 'null', 'null', 'null', 'null', 'yes'),
(560, 48, 'Drishya Giri', 17, '3', 'null', 'Female', 'null', 'null', 'null', 'null', 'null', 'null', 'null', 'yes'),
(561, 1, 'Deepika Bhandari', 17, '2', 'Banana', 'Female', 'null', 'null', 'null', 'Deepak Bhandari', 'null', 'Deepak Bhandari', 'null', 'yes'),
(562, 2, 'Alisha Ray', 17, '2', 'Banana', 'Female', 'null', 'null', 'null', 'Pramod Rai', 'null', 'Pramod Rai', 'null', 'yes'),
(563, 3, 'Aayan Chapagain', 17, '2', 'Banana', 'Male', 'null', 'null', 'null', 'Rewat Chapagain', 'null', 'Rewat Chapagain', 'null', 'yes'),
(564, 4, 'Ashika Nepal', 17, '2', 'Banana', 'Female', 'null', 'null', 'null', 'Uddhav Nepal', 'null', 'Uddhav Nepal', 'null', 'yes'),
(565, 5, 'Arman Miya', 17, '2', 'Banana', 'Male', 'null', 'null', 'null', 'Newaji Miya', 'null', 'Newaji Miya', 'null', 'yes'),
(566, 6, 'Roshina Yogi', 17, '2', 'Banana', 'Female', 'null', 'null', 'null', 'Rajendra Yogi', 'null', 'Rajendra Yogi', 'null', 'yes'),
(567, 7, 'Alisha Majhee', 17, '2', 'Banana', 'Female', 'null', 'null', 'null', 'Suman Majhee', 'null', 'Suman Majhee', 'null', 'yes'),
(568, 8, 'Ambika Decha', 17, '2', 'Banana', 'Female', 'null', 'null', 'null', 'Shyam Sundar Decha', 'null', 'Shyam Sundar Decha', 'null', 'yes'),
(569, 9, 'Manik Dhungana', 17, '2', 'Banana', 'Female', 'null', 'null', 'null', 'Kiran Dhungana', 'null', 'Kiran Dhungana', 'null', 'yes'),
(570, 10, 'Prarambha Poudel', 17, '2', 'Banana', 'Male', 'null', 'null', 'null', 'Nabin Poudel', 'null', 'Nabin Poudel', 'null', 'yes'),
(571, 11, 'Inusha Subedi', 17, '2', 'Banana', 'Female', 'null', 'null', 'null', 'Dipesh Subedi', 'null', 'Dipesh Subedi', 'null', 'yes'),
(572, 12, 'Purnima Lasiwa', 17, '2', 'Banana', 'Female', 'null', 'null', 'null', 'Purna Ram Lasiwa', 'null', 'Purna Ram Lasiwa', 'null', 'yes'),
(573, 13, 'Nitesh Thimi', 17, '2', 'Banana', 'Male', 'null', 'null', 'null', 'Govinda Thimi', 'null', 'Govinda Thimi', 'null', 'yes'),
(574, 14, 'Unisha Raut', 17, '2', 'Banana', 'Female', 'null', 'null', 'null', 'Ramkumar Raut', 'null', 'Ramkumar Raut', 'null', 'yes'),
(575, 15, 'Renuka Karki', 17, '2', 'Banana', 'Female', 'null', 'null', 'null', 'Bishanu Karki', 'null', 'Bishanu Karki', 'null', 'yes'),
(576, 16, 'Ojaswi Pahadi', 17, '2', 'Banana', 'Female', 'null', 'null', 'null', 'Tulsi Ram Pahadi', 'null', 'Tulsi Ram Pahadi', 'null', 'yes'),
(577, 17, 'Jenisha Ghimire', 17, '2', 'Banana', 'Male', 'null', 'null', 'null', 'Navaraj Ghimire', 'null', 'Navaraj Ghimire', 'null', 'yes'),
(578, 18, 'Aayush Pokhrel', 17, '2', 'Banana', 'Male', 'null', 'null', 'null', 'Dipak Pokhrel', 'null', 'Dipak Pokhrel', 'null', 'yes'),
(579, 19, 'Anuj Shrestha', 17, '2', 'Banana', 'Female', 'null', 'null', 'null', 'Dhiraj Shrestha', 'null', 'Dhiraj Shrestha', 'null', 'yes'),
(580, 20, 'Deepraj Shrestha', 17, '2', 'Banana', 'Male', 'null', 'null', 'null', 'Dhan Bdr. Shrestha', 'null', 'Dhan Bdr. Shrestha', 'null', 'yes'),
(581, 21, 'Aayam Luitel', 17, '2', 'Banana', 'Male', 'null', 'null', 'null', 'Rajendra Luitel', 'null', 'Rajendra Luitel', 'null', 'yes'),
(582, 22, 'Adjust Khadka', 17, '2', 'Banana', 'Male', 'null', 'null', 'null', 'Kamal Khadka', 'null', 'Kamal Khadka', 'null', 'yes'),
(583, 23, 'Subash Rimal', 18, '2', 'Banana', 'Female', 'null', 'null', 'null', 'null', 'null', 'null', 'null', 'yes'),
(584, 24, 'Rabina Yogi', 18, '2', 'Banana', 'Female', 'null', 'null', 'null', 'null', 'null', 'null', 'null', 'yes'),
(585, 1, 'Pratikshya Shrestha', 18, '2', 'Mango', 'Female', 'null', 'null', 'null', 'Durga Bahadur Shrestha', 'null', 'Durga Bahadur Shrestha', 'null', 'yes'),
(586, 2, 'Anupam Bastola', 18, '2', 'Mango', 'Male', 'null', 'null', 'null', 'Sanrhar Bastola', 'null', 'Sanrhar Bastola', 'null', 'yes'),
(587, 3, 'Rashik Khadka', 18, '2', 'Mango', 'Male', 'null', 'null', 'null', 'Rajendra Khadka', 'null', 'Rajendra Khadka', 'null', 'yes'),
(588, 4, 'Swostika Shrestha', 18, '2', 'Mango', 'Female', 'null', 'null', 'null', 'Padam Shrestha', 'null', 'Padam Shrestha', 'null', 'yes'),
(589, 5, 'Buddha Tamang', 18, '2', 'Mango', 'Male', 'null', 'null', 'null', 'Ram Bahadur Tamang', 'null', 'Ram Bahadur Tamang', 'null', 'yes'),
(590, 6, 'Anurag Luitel', 18, '2', 'Mango', 'Male', 'null', 'null', 'null', 'Manoj Luitel', 'null', 'Manoj Luitel', 'null', 'yes'),
(591, 7, 'Ashwin Luitel', 18, '2', 'Mango', 'Male', 'null', 'null', 'null', 'Manoj Luitel', 'null', 'Manoj Luitel', 'null', 'yes'),
(592, 8, 'Kshitij Jirel', 18, '2', 'Mango', 'Male', 'null', 'null', 'null', 'Bhim Bahadur Jirel', 'null', 'Bhim Bahadur Jirel', 'null', 'yes'),
(593, 9, 'Anshu Karki', 18, '2', 'Mango', 'Female', 'null', 'null', 'null', 'Arjun Karki', 'null', 'Arjun Karki', 'null', 'yes'),
(594, 10, 'Prajwal Shrestha', 18, '2', 'Mango', 'Male', 'null', 'null', 'null', 'Prakash Shrestha', 'null', 'Prakash Shrestha', 'null', 'yes'),
(595, 11, 'Riti Siral', 18, '2', 'Mango', 'Female', 'null', 'null', 'null', 'Dambar Siral', 'null', 'Dambar Siral', 'null', 'yes'),
(596, 12, 'Anisha Ghatani', 18, '2', 'Mango', 'Female', 'null', 'null', 'null', 'Dinesh Ghatani', 'null', 'Dinesh Ghatani', 'null', 'yes'),
(597, 13, 'Pooja Giri', 18, '2', 'Mango', 'Female', 'null', 'null', 'null', 'Balram Giri', 'null', 'Balram Giri', 'null', 'yes'),
(598, 14, 'Sumit Thapa', 18, '2', 'Mango', 'Male', 'null', 'null', 'null', 'Surendra Thapa', 'null', 'Surendra Thapa', 'null', 'yes'),
(599, 15, 'Namisha Thapa', 18, '2', 'Mango', 'Female', 'null', 'null', 'null', 'Chandra Bahadur Thapa', 'null', 'Chandra Bahadur Thapa', 'null', 'yes'),
(600, 16, 'Aayush Banjara', 18, '2', 'Mango', 'Male', 'null', 'null', 'null', 'Krishan Banjara', 'null', 'Krishan Banjara', 'null', 'yes'),
(601, 17, 'Kushal Shrestha', 18, '2', 'Mango', 'Male', 'null', 'null', 'null', 'Ram Kumar Shrestha', 'null', 'Ram Kumar Shrestha', 'null', 'yes'),
(602, 18, 'Dilsad Safi', 18, '2', 'Mango', 'Male', 'null', 'null', 'null', 'Sagar Safi', 'null', 'Sagar Safi', 'null', 'yes'),
(603, 19, 'Kalash Regmi', 18, '2', 'Mango', 'Male', 'null', 'null', 'null', 'Baburam Regmi', 'null', 'Baburam Regmi', 'null', 'yes'),
(604, 20, 'Riju Gautam', 18, '2', 'Mango', 'Female', 'null', 'null', 'null', 'Mahesh Chandra Gautam', 'null', 'Mahesh Chandra Gautam', 'null', 'yes'),
(605, 21, 'Ruban Adhikari', 18, '2', 'Mango', 'Male', 'null', 'null', 'null', 'Ram Bdr. Adhikari', 'null', 'Ram Bdr. Adhikari', 'null', 'yes'),
(606, 22, 'Bipana Bhatta', 18, '2', 'Mango', 'Female', 'null', 'null', 'null', 'Parel Raj Bhatta', 'null', 'Parel Raj Bhatta', 'null', 'yes'),
(607, 23, 'Salami Shah', 18, '2', 'Mango', 'Female', 'null', 'null', 'null', 'null', 'null', 'null', 'null', 'yes'),
(609, 27, 'Subash Niroula', 1, '8', 'null', 'Male', '1999-02-22', 'Changunarayan-2,Bhaktapur', '9846055581', 'Lilanath  Niroula', 'Khina Niroula', 'Lilanath Niroula', 'New Manakamana Secondary Boarding School', 'yes');

-- --------------------------------------------------------

--
-- Table structure for table `year_2074_subject`
--

DROP TABLE IF EXISTS `year_2074_subject`;
CREATE TABLE `year_2074_subject` (
  `Subject_id` int(11) NOT NULL,
  `Subject_name` varchar(30) NOT NULL,
  `Grade` varchar(30) DEFAULT 'null',
  `Active` varchar(20) DEFAULT 'yes'
) ENGINE=InnoDB DEFAULT CHARSET=latin1;

--
-- Truncate table before insert `year_2074_subject`
--

TRUNCATE TABLE `year_2074_subject`;
--
-- Dumping data for table `year_2074_subject`
--

INSERT INTO `year_2074_subject` (`Subject_id`, `Subject_name`, `Grade`, `Active`) VALUES
(1, 'English', '8', 'yes'),
(2, 'Math', '8', 'yes'),
(6, 'social', '8', 'yes'),
(8, 'social', 'JKG', 'No'),
(9, 'Science', '8', 'No'),
(11, 'aaa', 'a', 'No'),
(12, 'a', '8', 'No');

-- --------------------------------------------------------

--
-- Table structure for table `year_2074_teacher`
--

DROP TABLE IF EXISTS `year_2074_teacher`;
CREATE TABLE `year_2074_teacher` (
  `Teacher_id` int(11) NOT NULL,
  `Name` varchar(100) NOT NULL,
  `Gender` varchar(30) NOT NULL,
  `Phone` varchar(200) NOT NULL,
  `Address` varchar(200) NOT NULL,
  `Qualification` varchar(200) DEFAULT 'null',
  `Active` varchar(20) DEFAULT 'yes'
) ENGINE=InnoDB DEFAULT CHARSET=latin1;

--
-- Truncate table before insert `year_2074_teacher`
--

TRUNCATE TABLE `year_2074_teacher`;
--
-- Dumping data for table `year_2074_teacher`
--

INSERT INTO `year_2074_teacher` (`Teacher_id`, `Name`, `Gender`, `Phone`, `Address`, `Qualification`, `Active`) VALUES
(1, 'Yagya Niraula', 'Male', '888888', 'Address', 'Male', 'yes'),
(2, 'Goma Dahal', 'Female', '99999999', 'Address', 'Female', 'yes'),
(7, 'Sunam Niroula', 'Male', '111111', 'Address', 'Male', 'yes'),
(8, 'Subash n', 'Male', '555555', 'Address', 'Male', 'yes'),
(9, 'Ashma Pandey', 'Female', '56789', 'Address', 'AA', 'yes'),
(10, 'Ram Hari Acharya', 'Male', '9876543210', 'NEC College', 'MSC', 'yes');

-- --------------------------------------------------------

--
-- Table structure for table `year_2074_teacher_teaches`
--

DROP TABLE IF EXISTS `year_2074_teacher_teaches`;
CREATE TABLE `year_2074_teacher_teaches` (
  `Teacher_id` int(11) NOT NULL,
  `Subject_id` int(11) NOT NULL,
  `Grade_id` int(11) NOT NULL
) ENGINE=InnoDB DEFAULT CHARSET=latin1;

--
-- Truncate table before insert `year_2074_teacher_teaches`
--

TRUNCATE TABLE `year_2074_teacher_teaches`;
--
-- Dumping data for table `year_2074_teacher_teaches`
--

INSERT INTO `year_2074_teacher_teaches` (`Teacher_id`, `Subject_id`, `Grade_id`) VALUES
(2, 2, 1),
(2, 6, 1),
(7, 1, 1),
(10, 8, 4),
(10, 8, 5);

--
-- Indexes for dumped tables
--

--
-- Indexes for table `session`
--
ALTER TABLE `session`
  ADD PRIMARY KEY (`Session_id`),
  ADD UNIQUE KEY `Session_id` (`Session_id`),
  ADD UNIQUE KEY `unique_session` (`Year`);

--
-- Indexes for table `table_details`
--
ALTER TABLE `table_details`
  ADD PRIMARY KEY (`Table_id`),
  ADD UNIQUE KEY `Table_name` (`Table_name`),
  ADD UNIQUE KEY `Table_id` (`Table_id`);

--
-- Indexes for table `user`
--
ALTER TABLE `user`
  ADD PRIMARY KEY (`User_id`),
  ADD UNIQUE KEY `Username` (`Username`);

--
-- Indexes for table `year_2074_exam`
--
ALTER TABLE `year_2074_exam`
  ADD PRIMARY KEY (`Exam_id`);

--
-- Indexes for table `year_2074_first_term_1`
--
ALTER TABLE `year_2074_first_term_1`
  ADD PRIMARY KEY (`Roll`),
  ADD KEY `Student_id` (`Student_id`);

--
-- Indexes for table `year_2074_grade`
--
ALTER TABLE `year_2074_grade`
  ADD PRIMARY KEY (`Grade_id`);

--
-- Indexes for table `year_2074_grading`
--
ALTER TABLE `year_2074_grading`
  ADD UNIQUE KEY `Grade_letter` (`Grade_letter`),
  ADD UNIQUE KEY `Grade_point` (`Grade_point`),
  ADD UNIQUE KEY `unique_grade` (`Per_from`,`Per_to`);

--
-- Indexes for table `year_2074_ledger`
--
ALTER TABLE `year_2074_ledger`
  ADD PRIMARY KEY (`Ledger_id`),
  ADD KEY `Grade_id` (`Grade_id`),
  ADD KEY `Exam_id` (`Exam_id`);

--
-- Indexes for table `year_2074_marks`
--
ALTER TABLE `year_2074_marks`
  ADD PRIMARY KEY (`Marks_id`),
  ADD KEY `Subject_id` (`Subject_id`),
  ADD KEY `fk_ledger_id_marks_table` (`Ledger_id`);

--
-- Indexes for table `year_2074_percentage`
--
ALTER TABLE `year_2074_percentage`
  ADD PRIMARY KEY (`Division`),
  ADD UNIQUE KEY `Division_name` (`Division_name`),
  ADD UNIQUE KEY `unique_grade` (`From`,`To`);

--
-- Indexes for table `year_2074_student`
--
ALTER TABLE `year_2074_student`
  ADD PRIMARY KEY (`Student_id`),
  ADD KEY `fk_grade_id` (`Grade_id`);

--
-- Indexes for table `year_2074_subject`
--
ALTER TABLE `year_2074_subject`
  ADD PRIMARY KEY (`Subject_id`);

--
-- Indexes for table `year_2074_teacher`
--
ALTER TABLE `year_2074_teacher`
  ADD PRIMARY KEY (`Teacher_id`);

--
-- Indexes for table `year_2074_teacher_teaches`
--
ALTER TABLE `year_2074_teacher_teaches`
  ADD UNIQUE KEY `unique_subject` (`Subject_id`,`Grade_id`),
  ADD KEY `Teacher_id` (`Teacher_id`),
  ADD KEY `Grade_id` (`Grade_id`);

--
-- AUTO_INCREMENT for dumped tables
--

--
-- AUTO_INCREMENT for table `session`
--
ALTER TABLE `session`
  MODIFY `Session_id` int(11) NOT NULL AUTO_INCREMENT, AUTO_INCREMENT=19;
--
-- AUTO_INCREMENT for table `table_details`
--
ALTER TABLE `table_details`
  MODIFY `Table_id` int(11) NOT NULL AUTO_INCREMENT, AUTO_INCREMENT=41;
--
-- AUTO_INCREMENT for table `user`
--
ALTER TABLE `user`
  MODIFY `User_id` int(11) NOT NULL AUTO_INCREMENT, AUTO_INCREMENT=7;
--
-- AUTO_INCREMENT for table `year_2074_exam`
--
ALTER TABLE `year_2074_exam`
  MODIFY `Exam_id` int(11) NOT NULL AUTO_INCREMENT, AUTO_INCREMENT=2;
--
-- AUTO_INCREMENT for table `year_2074_grade`
--
ALTER TABLE `year_2074_grade`
  MODIFY `Grade_id` int(11) NOT NULL AUTO_INCREMENT, AUTO_INCREMENT=19;
--
-- AUTO_INCREMENT for table `year_2074_ledger`
--
ALTER TABLE `year_2074_ledger`
  MODIFY `Ledger_id` int(11) NOT NULL AUTO_INCREMENT, AUTO_INCREMENT=2;
--
-- AUTO_INCREMENT for table `year_2074_marks`
--
ALTER TABLE `year_2074_marks`
  MODIFY `Marks_id` int(11) NOT NULL AUTO_INCREMENT, AUTO_INCREMENT=2;
--
-- AUTO_INCREMENT for table `year_2074_student`
--
ALTER TABLE `year_2074_student`
  MODIFY `Student_id` int(11) NOT NULL AUTO_INCREMENT, AUTO_INCREMENT=610;
--
-- AUTO_INCREMENT for table `year_2074_subject`
--
ALTER TABLE `year_2074_subject`
  MODIFY `Subject_id` int(11) NOT NULL AUTO_INCREMENT, AUTO_INCREMENT=13;
--
-- AUTO_INCREMENT for table `year_2074_teacher`
--
ALTER TABLE `year_2074_teacher`
  MODIFY `Teacher_id` int(11) NOT NULL AUTO_INCREMENT, AUTO_INCREMENT=11;
--
-- Constraints for dumped tables
--

--
-- Constraints for table `year_2074_first_term_1`
--
ALTER TABLE `year_2074_first_term_1`
  ADD CONSTRAINT `year_2074_first_term_1_ibfk_1` FOREIGN KEY (`Student_id`) REFERENCES `year_2074_student` (`Student_id`);

--
-- Constraints for table `year_2074_ledger`
--
ALTER TABLE `year_2074_ledger`
  ADD CONSTRAINT `year_2074_ledger_ibfk_1` FOREIGN KEY (`Grade_id`) REFERENCES `year_2074_grade` (`Grade_id`) ON DELETE CASCADE,
  ADD CONSTRAINT `year_2074_ledger_ibfk_2` FOREIGN KEY (`Exam_id`) REFERENCES `year_2074_exam` (`Exam_id`) ON DELETE CASCADE;

--
-- Constraints for table `year_2074_marks`
--
ALTER TABLE `year_2074_marks`
  ADD CONSTRAINT `fk_ledger_id_marks_table` FOREIGN KEY (`Ledger_id`) REFERENCES `year_2074_ledger` (`Ledger_id`),
  ADD CONSTRAINT `year_2074_marks_ibfk_1` FOREIGN KEY (`Subject_id`) REFERENCES `year_2074_subject` (`Subject_id`);

--
-- Constraints for table `year_2074_student`
--
ALTER TABLE `year_2074_student`
  ADD CONSTRAINT `fk_grade_id` FOREIGN KEY (`Grade_id`) REFERENCES `year_2074_grade` (`Grade_id`) ON DELETE SET NULL;

--
-- Constraints for table `year_2074_teacher_teaches`
--
ALTER TABLE `year_2074_teacher_teaches`
  ADD CONSTRAINT `year_2074_teacher_teaches_ibfk_1` FOREIGN KEY (`Teacher_id`) REFERENCES `year_2074_teacher` (`Teacher_id`) ON DELETE CASCADE,
  ADD CONSTRAINT `year_2074_teacher_teaches_ibfk_2` FOREIGN KEY (`Grade_id`) REFERENCES `year_2074_grade` (`Grade_id`) ON DELETE CASCADE,
  ADD CONSTRAINT `year_2074_teacher_teaches_ibfk_3` FOREIGN KEY (`Subject_id`) REFERENCES `year_2074_subject` (`Subject_id`) ON DELETE CASCADE;
COMMIT;

/*!40101 SET CHARACTER_SET_CLIENT=@OLD_CHARACTER_SET_CLIENT */;
/*!40101 SET CHARACTER_SET_RESULTS=@OLD_CHARACTER_SET_RESULTS */;
/*!40101 SET COLLATION_CONNECTION=@OLD_COLLATION_CONNECTION */;
